tree
version=v4
num_class=1
num_tree_per_iteration=1
label_index=0
max_feature_idx=32
objective=lambdarank
feature_names=age weight_kg height_cm waist_inch hip_inch exercise_hours_per_week bmi waist_to_hip_ratio ir_risk_code hormone_sev_code inflammation_risk_code cv_risk_code Calories Protein Carbohydrates Fat Fiber GlycemicIndex GlycemicLoad Sodium_mg Potassium_mg Magnesium_mg Calcium_mg VitaminD_mcg Zinc_mg Omega3_g SaturatedFat_g Sugars pcos_friendliness_score InsulinResistanceSuitability HormonalHealthScore AntiInflammatoryPotential WeightManagementScore
feature_infos=[20:47] [31:108] [137:180] [25:44] [28:48] [0.5:4] [12.42:38.539999999999999] [0.76000000000000001:0.97999999999999998] [0:2] [0:2] [0:2] [0:2] [0:902] [0:31] [0:77.5] [0:100] [0:34.399999999999999] [0:95] [0:43.700000000000003] [0:1100] [0:1405] [0:303] [0:683] [0:5] [0:2] [0:2] [0:34.32] [0:19] [18.43:100] [14.4:100] [0:100] [0:100] [0:100]
tree_sizes=3487 3426 3462 3486 3484 3495 3526 3551 3542 3545 3549 3549 3554 3558 3566 3553 3555 3552 3559 3561 3537 3549 3539 3557 3544 3556 3553 3553 3552 3534 3542 3541 3541 3547 3558 3516 3499 3516 3549 3550 3531 3550 3563 3556 3575 3569 3567 3590 3594 3588 3608 3581 3608 3612 3607 3602 3630 3643 3647 3650 3656 3653 3683 3675 3664 3662 3681 3704 3681 3707 3691 3692 3684 3699 3690 3700 3706 3707 3704 3703

Tree=0
num_leaves=31
num_cat=0
split_feature=28 28 28 19 19 31 22 15 19 28 21 11 21 28 28 28 19 19 30 21 19 12 21 22 19 14 20 11 6 19
split_gain=2492.48 233.505 95.0329 80.4771 58.0383 25.9338 18.8891 18.6033 18.509 17.9539 16.6835 10.7077 9.70531 8.48219 8.08643 8.08007 7.95865 7.60057 5.40864 4.75034 4.19236 3.72507 2.66936 2.5267 2.52434 2.37257 2.65143 2.14382 2.1 1.57121
threshold=44.828750000000007 58.522500000000001 36.837500000000013 48.500000000000007 555.00000000000011 61.060000000000009 12.500000000000002 0.95000000000000007 377.50000000000006 42.787500000000009 20.500000000000004 1.0000000180025095e-35 7.5000000000000009 60.115000000000002 51.530000000000008 32.467500000000008 29.000000000000004 34.000000000000007 2.8500000000000001 37.500000000000007 377.50000000000006 339.50000000000006 27.500000000000004 33.500000000000007 623.50000000000011 3.9500000000000006 293.00000000000006 1.0000000180025095e-35 30.045000000000005 145.00000000000003
decision_type=2 2 2 2 2 2 2 2 2 2 2 2 2 2 2 2 2 2 2 2 2 2 2 2 2 2 2 2 2 2
left_child=2 4 15 13 6 8 18 16 10 12 -5 -6 -4 -3 -9 -1 -8 25 -2 -7 23 -10 -15 -14 -13 26 -11 -22 -20 -17
right_child=1 3 9 5 11 19 7 14 21 17 -12 24 20 22 -16 29 -18 -19 28 -21 27 -23 -24 -25 -26 -27 -28 -29 -30 -31
leaf_value=-0.14996033867556616 0.09956346311713446 0.11572946249645792 -0.0017827835601653985 0.0044264247311521492 0.087482369018060654 0.10504026521742718 0.1100722946560186 -0.021406402045796108 0.018931540529609173 0.049236109249453153 0.1003546497893013 -0.049546089321320014 -0.096860496480151104 0.13146708579735999 0.047852985713439544 -0.12050697954773533 0.059309915685116101 -0.087376282577794576 -0.031985671895275146 0.14674272618109241 0.017582730219102501 -0.054220872707701984 0.15901368530008489 -0.047835791192931354 -0.12454436212797143 -0.036657619978098244 -0.019789202339160802 -0.15124298861944113 0.043903214449842735 -0.15189080653344761
leaf_weight=305.58775938532199 2.423633549478839 36.057804368203506 7.0677987642411599 14.565264775359536 1.8816239181323933 43.706776374485344 28.349923973961268 22.872567369340686 23.413726929225962 5.0281000119866812 57.053015227545984 3.4536966391606283 83.940954146353761 24.500319748534821 20.421957225073129 91.182726408907911 65.289062211246346 15.79988247778965 25.405705119046619 29.134794507990591 0.50315653590951015 5.5020097271190016 277.68699927278794 7.3145725969807236 17.061298493470531 31.100428313657176 12.211343435570598 11.124037011410108 2.5697404664242631 11.496663152880499
leaf_count=25488 1296 1728 5616 2160 825 6480 13392 10800 10368 3456 10800 2442 6480 1728 11232 8208 9936 4752 2793 6480 425 3024 30240 5616 10989 5616 432 6919 231 6912
internal_value=-1.00189e-09 0.101578 -0.122333 0.129688 0.0257766 0.0853709 0.0419641 0.0546284 0.0590342 -0.0728435 0.0808454 -0.095166 -0.0924657 0.152404 0.0112631 -0.143437 0.0746786 -0.0392064 -0.0150825 0.12172 -0.0986954 0.00501229 0.15678 -0.0929309 -0.111918 -0.0234621 0.000342896 -0.143937 -0.0250147 -0.124021
internal_weight=1283.71 701.35 582.357 511.621 189.729 173.376 167.333 136.934 100.534 174.09 71.6183 22.3966 109.951 338.245 43.2945 408.267 93.639 64.1398 30.3991 72.8416 102.883 28.9157 302.187 91.2555 20.515 48.3399 17.2394 11.6272 27.9754 102.679
internal_count=216864 136944 79920 73008 63936 39312 49680 45360 26352 39312 12960 14256 25056 33696 22032 40608 23328 14256 4320 12960 19440 13392 31968 12096 13431 9504 3888 7344 3024 15120
is_linear=0
shrinkage=0.08


Tree=1
num_leaves=31
num_cat=0
split_feature=28 16 31 19 21 6 31 11 9 21 28 28 12 10 32 9 17 9 12 6 7 32 9 10 9 13 11 14 1 31
split_gain=5975.41 760.662 367.574 199.362 95.8102 33.2453 19.9011 14.6978 11.5294 10.7326 38.9454 9.76531 7.23907 4.16184 9.47151 23.8279 7.66855 4.08635 10.8033 4.07524 3.0283 2.90564 1.56227 1.19417 1.64507 0.955799 0.921928 4.21948 2.17188 1.9504
threshold=73.387500000000003 6.6000000000000005 71.045000000000016 92.000000000000014 35.500000000000007 28.735000000000003 71.945000000000022 1.5000000000000002 1.5000000000000002 79.500000000000014 65.162500000000009 61.447500000000005 54.500000000000007 1.0000000180025095e-35 89.750000000000014 1.0000000180025095e-35 14.500000000000002 1.0000000180025095e-35 552.50000000000011 28.735000000000003 0.82500000000000007 56.150000000000013 1.5000000000000002 1.0000000180025095e-35 1.5000000000000002 6.9500000000000011 1.0000000180025095e-35 63.20000000000001 56.20000000000001 91.350000000000009
decision_type=2 2 2 2 2 2 2 2 2 2 2 2 2 2 2 2 2 2 2 2 2 2 2 2 2 2 2 2 2 2
left_child=2 17 9 4 6 8 7 -4 -6 21 11 -11 -13 14 15 16 -3 -2 -19 22 -7 -1 -12 24 -20 -8 27 29 -29 -15
right_child=1 13 3 -5 5 20 25 -9 -10 10 19 12 -14 26 -16 -17 -18 18 23 -21 -22 -23 -24 -25 -26 -27 -28 28 -30 -31
leaf_value=-0.14195725934071252 -0.14801754653010574 0.066918691551436066 -0.067303115041058389 -0.15509988124067831 -0.0092144765132068686 0.022447085338291314 -0.15850728002421671 0.10237008804678971 0.04022089792048951 -0.15785104703104766 -0.042099637324190545 -0.1581107149098171 -0.074675189296154465 0.11460250410227263 0.15154232051092656 0.14878842003095191 -0.059972112156033777 -0.122936269806649 -0.10037695531983781 0.089453498418246458 0.11453851680129459 -0.15227708399777651 0.016541146098365874 0.13628854642961785 0.14363982061586314 -0.12215191814012359 0.15240260934884142 -0.031478950728857237 0.13653424147774895 0.15429792769853784
leaf_weight=258.43844314746093 44.140921441139653 17.994007073808465 79.116492818109691 88.749988151583239 106.66065988678019 2.5483931838534799 14.563763248908801 3.4081832166557424 42.115193440578878 71.551277381935506 10.647469643503429 10.112848936929369 19.464926041662693 9.9822789093304873 123.53738159696513 41.838941605514265 3.6697711045853785 18.04629782817938 0.4161010180832817 2.2544803358614436 22.134577364631696 538.34500564639166 3.9998980350792399 1.0734872595057812 0.30747719865757972 6.7840586115198667 835.35068499557383 1.3322438978939311 0.78112435522780277 38.377560650129453
leaf_count=82944 3029 208 2460 9072 2192 48 864 132 800 6048 274 432 432 152 1820 704 208 2189 34 58 416 86400 100 310 54 432 14406 80 72 494
internal_value=1.92992e-10 0.133498 -0.118485 -0.050739 -0.017342 0.0190452 -0.0781057 -0.0602958 0.0047796 -0.145595 -0.123081 -0.141868 -0.103202 0.149479 0.138635 0.113526 0.0454238 -0.134462 -0.104309 -0.0106746 0.105031 -0.14893 -0.026086 0.0827477 0.00331549 -0.146954 0.151768 0.141269 0.0306206 0.146104
internal_weight=2417.74 1136.85 1280.9 366.081 277.331 173.459 103.872 82.5247 148.776 914.814 118.031 101.129 29.5778 1072.86 187.04 63.5027 21.6638 63.9843 19.8434 16.9018 24.683 796.783 14.6474 1.79707 0.723578 21.3478 885.824 50.4732 2.11337 48.3598
internal_count=216864 23760 193104 16416 7344 3456 3888 2592 2992 176688 7344 6912 864 18144 2940 1120 416 5616 2587 432 464 169344 374 398 88 1296 15204 798 152 646
is_linear=0
shrinkage=0.08


Tree=2
num_leaves=31
num_cat=0
split_feature=28 16 8 31 20 11 31 10 32 2 22 7 31 7 13 22 28 17 10 14 19 19 28 19 19 16 7 4 28 28
split_gain=5622.53 215.675 5.91341 8.09929 2.5212 2.46522 9.82579 5.23412 2.37791 1.25609 1.03777 1.10435 0.635449 0.437144 0.453736 0.410793 0.363838 0.267164 12.1328 0.236107 0.226112 0.134802 0.146586 0.123641 0.100856 0.0819839 0.0655964 0.175769 0.0626921 0.0583076
threshold=73.387500000000003 6.6000000000000005 1.0000000180025095e-35 98.015000000000015 844.00000000000011 1.0000000180025095e-35 98.015000000000015 1.0000000180025095e-35 59.800000000000011 157.50000000000003 207.50000000000003 0.83500000000000008 65.840000000000018 0.78500000000000014 21.800000000000004 96.500000000000014 38.426250000000003 54.000000000000007 1.0000000180025095e-35 63.800000000000004 89.000000000000014 92.000000000000014 65.162500000000009 445.00000000000006 694.50000000000011 10.300000000000002 0.80500000000000016 41.500000000000007 44.828750000000007 46.745000000000012
decision_type=2 2 2 2 2 2 2 2 2 2 2 2 2 2 2 2 2 2 2 2 2 2 2 2 2 2 2 2 2 2
left_child=8 13 3 4 9 6 7 -4 16 -3 11 -5 20 14 -2 -8 -1 25 -19 23 28 22 -14 29 -22 -7 27 -15 -10 -18
right_child=1 2 5 10 -6 17 15 -9 12 -11 -12 -13 21 26 -16 -17 19 18 -20 -21 24 -23 -24 -25 -26 -27 -28 -29 -30 -31
leaf_value=-0.12414773575014089 0.13186359035962281 0.0055627689403823181 -0.0055800780101105179 0.1363457533143759 0.078891014859345271 0.12883591773070288 0.11708699777948642 0.094429893922624228 -0.13113827394457203 -0.090013921042291653 0.14038365268282993 0.05642174406133383 -0.13964746371521986 -0.12794304847194801 -0.13651929254487027 0.13363968091115172 -0.12855868837758319 -0.15215555061109989 0.1297939329935604 -0.14519430539679579 -0.13145205008357372 -0.13654121891788593 -0.14874993101907674 -0.12603199852482402 -0.1267878406308956 0.13044517780249437 -0.13732383180513139 -0.012886943203394084 -0.13470982395338998 -0.13195359939519302
leaf_weight=237.53484363853931 0.079538411664546227 1.8157937768846744 5.618357775732874 1.912662563201591 1.6572242788970468 282.4271030719392 12.636565671986316 8.292310319193346 36.751981399953365 1.707649029092863 6.2440266348421574 2.6249737571924925 39.738833470270038 0.68797024630476045 0.081754726779763587 39.871889374684542 133.72414164640941 0.99789417814463277 46.172351844608784 5.2271940635982892 153.75976588646881 50.857625276781619 15.834586570126701 117.59546712855808 36.764770695241168 716.89240295812488 19.302833997411653 0.096952768042683601 218.20815315493383 42.721902520395815
leaf_count=43632 16 28 102 26 15 4030 192 306 6048 42 60 39 7776 130 36 408 22896 378 2040 864 25056 9504 3456 20736 6480 10478 5395 39 39744 6912
internal_value=2.88111e-09 0.123429 0.128071 0.0797238 -0.00248448 0.128764 0.113819 0.054037 -0.130277 -0.0407588 0.119225 0.0901106 -0.133964 -0.135349 -0.00417176 0.129656 -0.126486 0.129713 0.123829 -0.128341 -0.132637 -0.139517 -0.142241 -0.128041 -0.130552 0.12999 -0.136402 -0.113731 -0.134195 -0.129381
internal_weight=2237.84 1149.12 1128.87 15.9623 5.18067 1112.91 66.4191 13.9107 1088.72 3.52344 10.7817 4.53764 551.916 20.2491 0.161293 52.5085 536.804 1046.49 47.1702 299.269 445.485 106.431 55.5734 294.042 190.525 999.32 20.0878 0.784923 254.96 176.446
internal_count=216864 23760 18144 210 85 17934 1008 408 193104 70 125 65 98064 5616 52 600 95040 16926 2418 51408 77328 20736 11232 50544 31536 14508 5564 169 45792 29808
is_linear=0
shrinkage=0.08


Tree=3
num_leaves=31
num_cat=0
split_feature=28 16 13 17 7 9 32 12 7 9 0 11 28 31 1 28 19 10 8 14 19 28 19 9 1 19 28 11 6 30
split_gain=4623.45 154.863 7.61012 8.68724 1.69131 1.55996 1.18297 0.72367 1.60394 3.37971 0.328937 0.270306 1.83202 0.258064 0.157453 0.147248 0.142547 0.138632 0.103722 0.0832568 0.0588451 0.0582682 0.0558051 0.0499235 0.0905974 0.0380675 0.0520497 0.0319901 0.0319811 0.0302076
threshold=73.387500000000003 6.6000000000000005 25.400000000000002 13.500000000000002 0.78500000000000014 1.0000000180025095e-35 56.150000000000013 634.00000000000011 0.83500000000000008 1.0000000180025095e-35 30.500000000000004 1.0000000180025095e-35 78.963750000000019 65.840000000000018 59.800000000000004 37.830000000000005 89.000000000000014 1.0000000180025095e-35 1.0000000180025095e-35 63.800000000000004 694.50000000000011 44.828750000000007 445.00000000000006 1.5000000000000002 58.70000000000001 92.000000000000014 60.32500000000001 1.0000000180025095e-35 24.500000000000004 32.600000000000009
decision_type=2 2 2 2 2 2 2 2 2 2 2 2 2 2 2 2 2 2 2 2 2 2 2 2 2 2 2 2 2 2
left_child=6 4 7 23 14 10 15 11 17 -10 -5 12 -3 16 -2 -1 21 -9 -13 22 -18 -8 -17 -4 -25 26 -15 -24 -7 -23
right_child=1 2 3 5 -6 28 13 8 9 -11 -12 18 -14 25 -16 19 20 -19 -20 -21 -22 29 27 24 -26 -27 -28 -29 -30 -31
leaf_value=-0.11415734704552626 0.0056567591186922365 0.053333196268901227 -0.15252221428625129 0.056686637295064159 -0.12400961607803331 0.11569360337166412 -0.11885236021417538 0.096484861116830745 -0.0085339954557098023 0.11923910371119993 -0.0043433117846713555 0.1100359396101571 0.11620669286808893 -0.12356903512631899 0.11941908438108788 -0.11768763395260683 -0.11930304254320455 0.12016295020738522 0.11837429303675903 -0.12897497986355119 -0.11600400777132626 -0.12218935140390626 -0.12082360142300289 0.16060367668005543 -0.14391238336924875 -0.12326295731309035 -0.12917515290815232 -0.11500441811132377 0.081831323440164971 -0.11759484901452663
leaf_weight=242.36626311484724 0.15180468792096036 3.1584852389059952 1.3056726875365701 1.1526855099946263 17.476496227696771 2.990483235334978 46.314072440844029 1.8288650000467885 2.2848053425550452 3.153535258024931 1.108984417747706 9.6377110700705071 48.674198625973077 19.712487745564431 0.15985779091715813 155.64852690696716 174.21228300710209 11.749086558818819 1019.9237762857229 3.5898216802161178 43.179930763086304 203.75290828105062 6.4166106875054529 0.0092291662003843866 0.019388921558856964 45.869225061032921 22.926622466446133 104.69037715392187 0.18983231857419003 9.5894203986972553
leaf_count=41472 13 150 933 202 5564 198 7776 60 930 855 264 128 650 3888 39 25920 28944 315 12896 864 7344 39744 1075 162 201 9504 7344 17501 200 1728
internal_value=-2.21814e-09 0.113458 0.11722 0.0327004 -0.120715 0.0775524 -0.118372 0.11774 0.10227 0.0655579 0.0267613 0.118012 0.112375 -0.120895 0.0640077 -0.115589 -0.120159 0.116974 0.118296 -0.116873 -0.118648 -0.121424 -0.11671 -0.150231 -0.0457077 -0.124863 -0.126583 -0.11534 0.113672 -0.121983
internal_weight=2203.24 1124.97 1107.19 6.77628 17.7882 5.44199 1078.27 1100.41 19.0163 5.43834 2.26167 1081.39 51.8327 565.557 0.311662 512.712 477.049 13.578 1029.56 270.345 217.392 259.656 266.756 1.33429 0.0286181 88.5083 42.6391 111.107 3.18032 213.342
internal_count=216864 23760 18144 2160 5616 864 193104 15984 2160 1785 466 13824 800 106272 52 86832 85536 375 13024 45360 36288 49248 44496 1296 363 20736 11232 18576 398 41472
is_linear=0
shrinkage=0.08


Tree=4
num_leaves=31
num_cat=0
split_feature=28 16 7 32 32 10 9 17 18 11 28 22 7 8 17 31 28 8 21 11 19 19 14 32 19 19 11 21 28 31
split_gain=3948.34 126.948 0.846298 0.657135 0.511487 1.7348 6.48194 2.31948 0.814324 0.159957 1.11425 0.472688 0.304514 0.139969 0.166813 0.120437 0.105125 0.100245 0.495268 0.0786019 0.060802 0.0462962 0.0326195 0.0312754 0.0241344 0.021412 0.0195137 0.0169765 0.0160482 0.0126768
threshold=73.387500000000003 6.6000000000000005 0.78500000000000014 59.800000000000011 89.750000000000014 1.0000000180025095e-35 1.0000000180025095e-35 14.500000000000002 2.1735000000000007 1.0000000180025095e-35 76.421250000000015 207.50000000000003 0.80500000000000016 1.0000000180025095e-35 12.500000000000002 62.620000000000012 38.426250000000003 1.0000000180025095e-35 100.00000000000001 1.0000000180025095e-35 694.50000000000011 445.00000000000006 63.800000000000004 73.250000000000014 89.000000000000014 78.500000000000014 1.0000000180025095e-35 20.500000000000004 46.745000000000012 68.575000000000003
decision_type=2 2 2 2 2 2 2 2 2 2 2 2 2 2 2 2 2 2 2 2 2 2 2 2 2 2 2 2 2 2
left_child=3 2 -2 16 5 6 7 -3 -8 10 12 -12 -6 14 -7 20 -1 18 -11 -15 24 22 28 -17 27 29 -23 -5 -18 -25
right_child=1 4 -4 15 9 13 8 -9 -10 17 11 -13 -14 19 -16 23 21 -19 -20 -21 -22 26 -24 25 -26 -27 -28 -29 -30 -31
leaf_value=-0.10710372222904731 0.037865645079454495 0.030778443648443902 -0.11458678685565163 -0.11200374123024999 -0.010914854116619724 0.10681560699184806 0.10945141777143759 -0.10886411409184402 0.021488681536427405 0.061092302272319383 0.093550003795694434 0.11310664150155436 0.064318248075326684 0.10460388217460198 0.061723946544934301 -0.11317043041698986 -0.10955887687949224 0.11026326221827951 0.11074294588802058 0.10985565076791474 -0.10855448816576341 -0.11225901637100355 -0.11813447826527325 -0.11537296090492001 -0.11110492348944558 -0.11440245147108258 -0.10786969004838248 -0.1136279496139084 -0.11137615408374427 -0.1188741532216111
leaf_weight=258.96877286210656 0.23637024592608469 4.1826922271866378 16.552172276286001 141.60924554103985 0.5374829010979727 1.2954599112272256 19.173264271579686 0.93064286373555649 0.69808964768890192 1.5782633917406181 10.98185037360963 28.275898445397615 0.9581293526571244 21.865039961885486 0.88293683476513241 60.215914821019396 135.69076683791354 879.79549426585436 6.9384930953383446 109.98267354816198 38.429324769880623 6.8606967325322321 3.1928635649383059 11.369484131457286 139.57150223106146 34.128964234143496 117.50001305481419 58.07644516415894 40.34803258953616 15.838354756888291
leaf_count=43632 52 208 5564 25056 52 12 352 208 352 40 250 300 48 288 52 11664 22896 10478 64 5440 6480 1200 864 3456 23760 8208 19536 13392 6912 6048
internal_value=4.52566e-09 0.105869 -0.11244 -0.110163 0.109237 0.105045 0.0856911 0.00536306 0.106361 0.109955 0.105054 0.107636 0.0372815 0.108652 0.0885393 -0.112275 -0.108288 0.11018 0.101542 0.108985 -0.11157 -0.109298 -0.110121 -0.114466 -0.111912 -0.115737 -0.108112 -0.112476 -0.109975 -0.117411
internal_weight=2166.67 1104.86 16.7885 1061.8 1088.08 159.011 24.9847 5.11334 19.8714 929.066 40.7534 39.2577 1.49561 134.026 2.1784 499.239 562.561 888.312 8.51676 131.848 377.687 303.592 179.232 121.553 339.257 61.3368 124.361 199.686 176.039 27.2078
internal_count=216864 23760 5616 193104 18144 6912 1120 416 704 11232 650 550 100 5792 64 98064 95040 10582 104 5728 68688 51408 30672 29376 62208 17712 20736 38448 29808 9504
is_linear=0
shrinkage=0.08


Tree=5
num_leaves=31
num_cat=0
split_feature=28 16 32 9 10 17 13 32 31 8 8 21 0 11 21 28 19 7 13 19 19 28 14 11 30 19 28 28 7 10
split_gain=3452.78 109.127 0.838105 1.01396 4.76873 2.3987 1.73104 0.386154 0.0750789 0.0667533 0.0650234 0.401422 0.2233 0.0628513 1.10628 0.0494086 0.0464283 0.0338613 0.027093 0.0235786 0.0202499 0.0196868 0.0190948 0.0121894 0.0104257 0.00979516 0.013705 0.00768614 0.00525606 0.00519868
threshold=73.387500000000003 6.6000000000000005 89.750000000000014 1.0000000180025095e-35 1.0000000180025095e-35 14.500000000000002 25.400000000000002 56.150000000000013 65.840000000000018 1.0000000180025095e-35 1.0000000180025095e-35 100.00000000000001 27.500000000000004 1.0000000180025095e-35 67.000000000000014 37.830000000000005 89.000000000000014 0.79500000000000015 18.250000000000004 445.00000000000006 694.50000000000011 44.828750000000007 63.800000000000004 1.0000000180025095e-35 32.600000000000009 92.000000000000014 60.962499999999999 51.530000000000008 0.93500000000000016 1.0000000180025095e-35
decision_type=2 2 2 2 2 2 2 2 2 2 2 2 2 2 2 2 2 2 2 2 2 2 2 2 2 2 2 2 2 2
left_child=7 -2 3 4 5 -3 -6 15 16 28 11 12 -4 14 -12 -1 21 -11 -13 22 27 -9 -17 -21 -23 26 -10 -18 -5 -15
right_child=1 2 10 9 6 -7 -8 8 25 17 13 18 -14 29 -16 19 20 -19 -20 23 -22 24 -24 -25 -26 -27 -28 -29 -30 -31
leaf_value=-0.10178237557729659 -0.1076659354902747 0.036338308254154357 0.086538098118911333 0.091452739905800093 0.099876380843060164 -0.12204947280695376 -0.028597494781450107 -0.10452380980565749 -0.10774247941639251 0.094097935602185739 0.036322137720847206 0.097208301716779633 0.02748835128666122 0.10470890470696292 0.10349223956838387 -0.1038751900172156 -0.10390033315925527 0.10334676070712359 0.10729481251464547 -0.1059503504494531 -0.10286274692824615 -0.10651941648111957 -0.11034099462866592 -0.10226627909277754 -0.1037770858465162 -0.10712655934042642 -0.11093310256839589 -0.10513960313396976 0.082967199603789565 0.10417104871934736
leaf_weight=243.84688523411751 15.929113811871501 4.4398381616920224 0.98751804325729498 1.066657073330133 32.608833045698702 0.70977388229221094 0.68531573517247935 44.32187097100541 23.532248130999506 2.6434073603159041 1.6202739542350162 2.316070541739462 0.70065799448639154 135.44760172441602 49.841593954944983 151.16201664763503 43.297054194379598 60.899515933357179 6.4527019448578358 6.0826535860542199 42.622776788892224 187.76800863607787 2.9807843859307459 104.42854479560629 9.3124986886978132 41.945425913203508 13.592980164030449 123.08410901110619 0.83124926267191757 762.27632073685527
leaf_count=41472 5616 208 30 16 2277 208 1035 7776 5616 128 96 30 20 1638 528 25920 7344 3008 50 1075 7344 39744 864 17501 1728 9504 5616 21600 32 8840
internal_value=6.38307e-10 0.100175 0.103288 0.0964627 0.0861508 0.0145076 0.0972319 -0.104178 -0.105691 0.10252 0.104027 0.0977532 0.0620302 0.104096 0.101377 -0.102604 -0.105291 0.102962 0.104631 -0.103361 -0.104419 -0.106047 -0.104 -0.102469 -0.10639 -0.107964 -0.108911 -0.104817 0.0877362 0.104252
internal_weight=2117.43 1079.46 1063.53 103.885 38.4438 5.14961 33.2941 1037.98 529.477 65.4408 959.643 10.4569 1.68818 949.186 51.4619 508.501 450.406 63.5429 8.76877 264.654 209.004 241.402 154.143 110.511 197.081 79.0707 37.1252 166.381 1.89791 897.724
internal_count=216864 23760 18144 6912 3728 416 3312 193104 106272 3184 11232 130 50 11102 624 86832 85536 3136 80 45360 36288 49248 26784 18576 41472 20736 11232 28944 48 10478
is_linear=0
shrinkage=0.08


Tree=6
num_leaves=31
num_cat=0
split_feature=28 16 32 10 12 9 13 2 9 11 32 11 31 8 22 8 28 13 31 28 19 19 19 28 14 11 28 28 19 28
split_gain=3063.19 95.3948 0.844329 1.64433 2.56001 1.06847 0.978506 0.587597 0.50802 0.265595 0.233917 0.117767 1.82795 0.496272 0.489575 0.0792911 0.401141 0.0512856 0.0443556 0.0302047 0.0284526 0.0144261 0.0113568 0.0119336 0.0111713 0.00785817 0.00613619 0.00580033 0.0056381 0.00609554
threshold=73.387500000000003 6.6000000000000005 87.200000000000017 1.0000000180025095e-35 560.00000000000011 1.0000000180025095e-35 25.400000000000002 162.50000000000003 1.0000000180025095e-35 1.0000000180025095e-35 56.150000000000013 1.0000000180025095e-35 91.350000000000009 1.5000000000000002 207.50000000000003 1.0000000180025095e-35 93.096250000000012 25.400000000000002 65.840000000000018 37.830000000000005 623.50000000000011 445.00000000000006 89.000000000000014 44.828750000000007 63.800000000000004 1.0000000180025095e-35 61.675000000000011 51.530000000000008 306.00000000000006 60.32500000000001
decision_type=2 2 2 2 2 2 2 2 2 2 2 2 2 2 2 2 2 2 2 2 2 2 2 2 2 2 2 2 2 2
left_child=10 -2 3 4 7 -6 9 -3 -8 -5 19 12 13 -4 -14 16 -13 -17 20 -1 22 24 23 -12 -21 -23 -22 -24 29 -20
right_child=1 2 11 6 5 -7 8 -9 -10 -11 18 15 14 -15 -16 17 -18 -19 28 21 26 25 27 -25 -26 -27 -28 -29 -30 -31
leaf_value=-0.097741888500846183 -0.10235445068084965 -0.10217620311385464 -0.0068642830618995459 0.082175244512857223 0.043760305607769827 0.098134297486688865 -0.13824923126242863 0.069708163807332163 0.05276809689321376 0.098614343482969907 -0.099914987137975031 0.067396008478108033 0.083256675086971696 0.10460677383460697 0.10239221225491127 0.099684518312173703 0.1036245664795622 0.096668569610415742 -0.10211621802432955 -0.099403779369050413 -0.097973952968323064 -0.10112724453679088 -0.099424388428320007 -0.1013909323627029 -0.10448551684984145 -0.098121914728831056 -0.099623994409855435 -0.10054015444743165 -0.10187453374297981 -0.10410042714943001
leaf_weight=238.50692868116312 15.328668978545464 0.71044643147615616 1.3786940170684818 7.3202016912400714 4.3793394435197097 4.9017549340205733 0.16714375745504995 0.15507141221314669 0.19085771963000298 44.689400484785438 43.005067896330729 2.8796810419298691 10.876766398549078 0.3137839026749133 40.11980053037405 870.74660997465253 6.0983070358633995 37.645139410626143 17.200864401645958 146.86303062201478 26.524868412874639 5.8898299869615576 42.064870695583522 189.7719762052875 2.8217865673359475 101.97757347207516 31.617648681858554 102.42362416582182 35.098598053213209 23.37288233358413
leaf_count=41472 5616 360 126 209 182 308 414 60 310 3773 7776 72 250 49 300 10478 44 1209 3888 25920 4752 1075 7344 41472 864 17501 5616 18576 7776 9072
internal_value=-3.9738e-09 0.0957527 0.0986936 0.0896822 0.0602064 0.0724776 0.0953933 -0.0713804 -0.0364141 0.0963006 -0.0996281 0.0992743 0.0955963 0.0138024 0.0983109 0.0994856 0.0920043 0.0995595 -0.100829 -0.0983906 -0.100519 -0.0989913 -0.100772 -0.101118 -0.0994996 -0.098286 -0.0988712 -0.100215 -0.102617 -0.103259
internal_weight=2055.04 1047.9 1032.57 62.5142 10.1466 9.28109 52.3676 0.865518 0.358001 52.0096 1007.14 970.059 52.689 1.69248 50.9966 917.37 8.97799 908.392 511.08 496.059 435.408 257.552 377.266 232.777 149.685 107.867 58.1425 144.488 75.6723 40.5737
internal_count=216864 23760 18144 5616 910 490 4706 420 724 3982 193104 12528 725 175 550 11803 116 11687 106272 86832 85536 45360 75168 49248 26784 18576 10368 25920 20736 12960
is_linear=0
shrinkage=0.08


Tree=7
num_leaves=31
num_cat=0
split_feature=28 16 32 9 32 10 8 28 32 11 28 22 13 8 28 7 31 28 19 19 19 28 14 11 10 28 28 19 28 11
split_gain=2745.73 84.405 0.883402 1.05722 4.36316 2.5667 0.167046 0.165827 0.145027 0.0683401 1.08788 0.381129 0.373424 0.0546889 0.39508 0.0329068 0.0269807 0.0188476 0.0177855 0.00900783 0.00702151 0.0074164 0.00676122 0.00527179 0.00504032 0.00386701 0.00359252 0.00336956 0.00476824 0.00276404
threshold=73.387500000000003 6.6000000000000005 89.750000000000014 1.0000000180025095e-35 87.200000000000017 1.0000000180025095e-35 1.0000000180025095e-35 91.000000000000014 56.150000000000013 1.0000000180025095e-35 78.963750000000019 207.50000000000003 23.850000000000005 1.0000000180025095e-35 93.096250000000012 0.79500000000000015 65.840000000000018 37.830000000000005 623.50000000000011 445.00000000000006 89.000000000000014 44.828750000000007 63.800000000000004 1.0000000180025095e-35 1.0000000180025095e-35 61.675000000000011 51.530000000000008 92.000000000000014 60.32500000000001 1.0000000180025095e-35
decision_type=2 2 2 2 2 2 2 2 2 2 2 2 2 2 2 2 2 2 2 2 2 2 2 2 2 2 2 2 2 2
left_child=8 -2 3 4 5 -3 7 -5 17 10 12 -12 -4 14 -11 -8 18 -1 20 22 21 -10 -19 -21 -15 29 -22 28 -18 -20
right_child=1 2 9 6 -6 -7 15 -9 16 13 11 -13 -14 24 -16 -17 27 19 25 23 26 -23 -24 -25 -26 -27 -28 -29 -30 -31
leaf_value=-0.094576555186349262 -0.098237807291207638 0.027371832675546749 0.062421947472188315 0.042971118369098414 -0.12668720631807615 0.089334319017931721 0.086097915644619216 0.10029335477222379 -0.096318737245352587 0.061882005771284242 0.081206807194795311 0.098746306420415597 -0.016800645182022431 0.096603661470125002 0.10052952885632936 0.095427247142595831 -0.098087466295709386 -0.095914242454476675 -0.09834611206616084 -0.097384203233080682 -0.09593109372101051 -0.09750768480824247 -0.099970378328674225 -0.094877450179148129 0.096055869620954581 -0.096089719581242683 -0.096825508719850559 -0.097968241231180739 -0.099989417836946273 -0.094563430924413258
leaf_weight=231.033930208534 14.661935120471751 4.9450637376867226 0.84710655047092476 0.78925516910385229 0.65912262117490072 31.743921267800033 2.5266450535273171 0.54673317447304726 41.16026680264622 2.3572025733883475 9.9860486537218076 38.491504210978746 0.69173616543412209 126.60307327657938 6.006605539470911 57.175520781427622 16.467831565765664 141.64097890304402 1.3024766407907034 5.6782834206242105 40.572196300607175 182.26217561610974 2.6799113869201383 98.66252613440156 712.42142124846578 30.387988341972232 98.559826573356986 38.705984257161617 17.296751117417443 24.333410267718136
leaf_count=41472 5616 338 50 39 699 2691 128 9 7776 60 225 300 75 1638 44 3008 3888 25920 275 1075 7344 41472 864 17501 8840 5616 18576 9504 7344 4477
internal_value=2.08261e-09 0.0923102 0.0951158 0.0879194 0.0773178 0.0809828 0.0944064 0.0664294 -0.0960861 0.0959048 0.0930312 0.0951333 0.02681 0.0960744 0.0896374 0.0950324 -0.0970526 -0.0950968 -0.0968058 -0.0955802 -0.0970108 -0.0972886 -0.0959896 -0.0950139 0.0961385 -0.0954792 -0.0965647 -0.0984777 -0.0990618 -0.0947556
internal_weight=1981.2 1010.45 995.791 98.3863 37.3481 36.689 61.0382 1.33599 970.745 897.405 50.0164 48.4776 1.53884 847.388 8.36381 59.7022 491.049 479.696 418.578 248.662 362.554 223.422 144.321 104.341 839.024 56.0239 139.132 72.4706 33.7646 25.6359
internal_count=216864 23760 18144 6912 3728 3029 3184 48 193104 11232 650 525 125 10582 104 3136 106272 86832 85536 45360 75168 49248 26784 18576 10478 10368 25920 20736 11232 4752
is_linear=0
shrinkage=0.08


Tree=8
num_leaves=31
num_cat=0
split_feature=28 16 32 10 12 9 13 11 7 7 11 28 12 22 32 8 28 13 31 28 19 19 19 28 14 11 28 28 8 2
split_gain=2477.25 75.57 1.05764 1.56014 2.67306 1.02266 0.636059 0.454036 0.409092 0.102439 0.0915517 1.20123 0.567961 0.264506 0.0913267 0.0844721 0.603344 0.039163 0.0166748 0.0119271 0.0112475 0.0057172 0.00441916 0.00467437 0.00418011 0.00349435 0.00245595 0.00225749 0.00207879 0.00547582
threshold=73.387500000000003 6.6000000000000005 87.200000000000017 1.0000000180025095e-35 560.00000000000011 1.0000000180025095e-35 25.400000000000002 1.0000000180025095e-35 0.80500000000000016 0.80500000000000016 1.0000000180025095e-35 79.857500000000016 351.00000000000006 207.50000000000003 56.150000000000013 1.0000000180025095e-35 83.316250000000011 25.400000000000002 65.840000000000018 37.830000000000005 623.50000000000011 445.00000000000006 89.000000000000014 44.828750000000007 63.800000000000004 1.0000000180025095e-35 61.675000000000011 51.530000000000008 1.0000000180025095e-35 158.74800000000002
decision_type=2 2 2 2 2 2 2 2 2 2 2 2 2 2 2 2 2 2 2 2 2 2 2 2 2 2 2 2 2 2
left_child=14 28 3 4 9 -6 7 -5 -8 -3 11 12 -4 -13 19 16 -12 -17 20 -1 22 24 23 -16 -21 -23 -22 -24 29 -2
right_child=1 2 10 6 5 -7 8 -9 -10 -11 15 13 -14 -15 18 17 -18 -19 -20 21 26 25 27 -25 -26 -27 -28 -29 -30 -31
leaf_value=-0.092059388798163763 -0.0960576778316896 -0.0379509783831532 0.069096618976309254 0.070487624472176449 0.038386661077882266 0.091126404670456296 0.051429221938087792 0.091791573074637867 -0.12965531076168013 -0.10942493172907332 0.038072252933857527 0.079794333273115733 0.0045842550300169869 0.09609272464971863 -0.093475074422212506 0.093322553503685346 0.09505772259744312 0.09058364949654063 -0.095215400437961825 -0.093147532791497914 -0.092204152174491641 -0.094392645114449808 -0.093161299783965618 -0.094439859856427319 -0.096422176634376688 -0.092301115287088134 -0.093289697526348872 -0.093886002550259737 -0.095111715479480094 -0.070477973916416747
leaf_weight=221.98139375634491 0.16278457781299849 0.16551734815584396 2.5162922292947765 7.5605484638363114 4.6885521253570897 4.7238809897680767 0.19446328096091647 41.800467285793275 0.13546126103028655 0.57131864177063107 1.4421469669323395 7.710932780057191 1.3377166051068341 36.721250638365746 39.417842144612223 803.28546201437712 6.776702880859375 34.862014058046043 69.046846268147419 135.70759099815041 24.623134399298579 5.4039330636151126 38.864429397741333 174.06499699898995 2.541543500032275 94.739119027508423 29.104104396654293 94.158678406616673 13.75658601058967 0.079823330888757482
leaf_count=41472 39 24 75 209 182 308 26 3773 698 396 52 175 175 300 7776 10478 64 1209 20736 25920 4752 1075 7344 41472 864 17501 5616 18576 5551 26
internal_value=-3.50947e-09 0.0895411 0.0922475 0.0819506 0.0533684 0.0648555 0.0877885 0.0885285 -0.0229209 -0.0933696 0.0929362 0.089548 0.0467045 0.0932642 -0.0932819 0.0931295 0.0850586 0.0932086 -0.0940673 -0.0924814 -0.0938692 -0.0928743 -0.0940362 -0.0942617 -0.0932077 -0.092414 -0.0927922 -0.0936743 -0.0949823 -0.0876414
internal_weight=1898.15 968.492 954.493 59.8402 10.1493 9.41243 49.6909 49.361 0.329925 0.736836 894.653 48.2862 3.85401 44.4322 929.654 846.366 8.21885 838.147 469.28 460.374 400.233 238.392 346.506 213.483 138.249 100.143 53.7272 133.023 13.9992 0.242608
internal_count=216864 23760 18144 5616 910 490 4706 3982 724 420 12528 725 250 475 193104 11803 116 11687 106272 86832 85536 45360 75168 49248 26784 18576 10368 25920 5616 65
is_linear=0
shrinkage=0.08


Tree=9
num_leaves=31
num_cat=0
split_feature=28 16 32 10 12 9 11 13 8 2 13 9 11 28 32 8 31 28 19 19 1 19 28 28 11 8 0 28 28 18
split_gain=2244.79 68.0021 1.11427 1.49912 2.21014 1.03816 0.642017 1.60937 0.613163 0.148486 0.10185 4.48705 0.0656317 0.953826 0.0581673 0.0554108 0.0104439 0.00763636 0.00720637 0.00365885 0.00297535 0.00281395 0.00297528 0.00263531 0.00247587 0.0023204 0.0064827 0.00158372 0.00143909 0.00129937
threshold=73.387500000000003 6.6000000000000005 87.200000000000017 1.0000000180025095e-35 560.00000000000011 1.0000000180025095e-35 1.0000000180025095e-35 16.700000000000003 1.0000000180025095e-35 162.50000000000003 25.400000000000002 1.5000000000000002 1.0000000180025095e-35 78.963750000000019 56.150000000000013 1.0000000180025095e-35 65.840000000000018 37.830000000000005 623.50000000000011 445.00000000000006 57.800000000000004 89.000000000000014 44.828750000000007 52.367500000000007 1.0000000180025095e-35 1.0000000180025095e-35 27.500000000000004 61.675000000000011 51.530000000000008 8.2000000000000011
decision_type=2 2 2 2 2 2 2 2 2 2 2 2 2 2 2 2 2 2 2 2 2 2 2 2 2 2 2 2 2 2
left_child=14 25 3 4 9 -6 7 -5 -8 -3 12 -12 13 -4 17 -14 18 -1 21 23 -13 22 -16 -19 -21 26 -2 -20 -23 -18
right_child=1 2 10 6 5 -7 8 -9 -10 -11 11 20 15 -15 16 -17 29 19 27 24 -22 28 -24 -25 -26 -27 -28 -29 -30 -31
leaf_value=-0.090030984344261628 -0.093146198413325137 -0.10456372537731339 0.025521082246172024 0.092950315033180075 0.035131854278724804 0.088241460538942398 0.036598841089461966 0.01796744634479602 0.0910056768692388 0.018583684944953965 -0.11733526693862423 0.090711687002311442 0.084190616252598521 0.090025764525137955 -0.091191665609633377 0.091071076669743067 -0.0929624347643358 -0.09087674883356725 -0.090146142281327807 -0.092029465907894695 0.087450821307141172 -0.090934562816759282 -0.091980890483834302 -0.092313458222964245 -0.090224611395002055 -0.092516329739443071 -0.063559079274477265 -0.091039301991762175 -0.091527611716809024 -0.09225043730259877
leaf_weight=211.80822260282002 0.15955702273640682 0.58175765324267459 1.5175352520309378 4.739732787013053 4.8360260720364732 4.5926195811480284 1.372561391443013 2.986096004024148 38.839582871645689 0.070228300988674164 0.67830692371353407 31.14220116706565 7.5651100756658698 44.164238898083568 37.508580440189689 764.60619596578181 32.748566706897691 122.8517543959897 23.466072730952874 5.1411532266065469 1.9000834329053748 37.012312971055508 165.27631475112867 8.7531466567888838 90.343536671018228 13.060346343423587 0.067421767249470577 27.708554450189695 89.534599526785314 32.86880195547019
leaf_count=41472 39 360 125 95 182 308 39 152 4420 60 933 153 104 525 7776 10478 11664 24624 4752 1075 210 7344 41472 2160 17501 5551 26 5616 18576 9072
internal_value=8.38031e-10 0.0872962 0.0899208 0.0791936 0.0511508 0.0610011 0.0850906 0.0639688 0.0891486 -0.091299 0.0906517 0.086343 0.0908294 0.0878829 -0.0910304 0.0910037 -0.0916737 -0.0903765 -0.0915129 -0.0906988 0.0905242 -0.0916502 -0.0918349 -0.0909723 -0.0903218 -0.092377 -0.0843576 -0.0906297 -0.0913542 -0.0926058
internal_weight=1807.9 922.88 909.592 58.0186 10.0806 9.42865 47.938 7.72583 40.2121 0.651986 851.574 33.7206 817.853 45.6818 885.022 772.171 446.124 438.898 380.506 227.09 33.0423 329.332 202.785 131.605 95.4847 13.2873 0.226979 51.1746 126.547 65.6174
internal_count=216864 23760 18144 5616 910 490 4706 247 4459 420 12528 1296 11232 650 193104 10582 106272 86832 85536 45360 363 75168 49248 26784 18576 5616 65 10368 25920 20736
is_linear=0
shrinkage=0.08


Tree=10
num_leaves=31
num_cat=0
split_feature=28 16 32 10 12 9 11 13 8 2 11 31 22 8 8 28 32 13 31 28 19 19 8 0 19 13 11 14 28 28
split_gain=2039.22 62.0926 1.11959 1.53371 1.79471 1.05112 0.580718 1.46439 0.741041 0.138546 0.123052 1.47057 0.610459 0.582878 0.124108 0.709218 0.037404 0.0357763 0.00666096 0.00491517 0.0046433 0.0023557 0.00226173 0.00636723 0.00180707 0.00190925 0.00176327 0.00170014 0.00102277 0.000926232
threshold=73.387500000000003 6.6000000000000005 87.200000000000017 1.0000000180025095e-35 560.00000000000011 1.0000000180025095e-35 1.0000000180025095e-35 16.700000000000003 1.0000000180025095e-35 162.50000000000003 1.0000000180025095e-35 91.350000000000009 207.50000000000003 1.5000000000000002 1.0000000180025095e-35 83.316250000000011 56.150000000000013 25.400000000000002 65.840000000000018 37.830000000000005 623.50000000000011 445.00000000000006 1.0000000180025095e-35 27.500000000000004 89.000000000000014 1.0500000000000003 1.0000000180025095e-35 63.800000000000004 61.675000000000011 51.530000000000008
decision_type=2 2 2 2 2 2 2 2 2 2 2 2 2 2 2 2 2 2 2 2 2 2 2 2 2 2 2 2 2 2
left_child=16 22 3 4 9 -6 7 -5 -8 -3 11 13 -13 -4 15 -12 19 -16 20 -1 24 27 23 -2 25 -18 -23 -21 -22 -26
right_child=1 2 10 6 5 -7 8 -9 -10 -11 14 12 -14 -15 17 -17 18 -19 -20 21 28 26 -24 -25 29 -27 -28 -29 -30 -31
leaf_value=-0.088379584898198277 -0.091068153269388982 -0.09988041580524297 -0.032683296247662114 0.090892393925602818 0.031855452857255148 0.085657586293458113 0.022964480964147639 0.016927009286346835 0.089173405660138261 0.017943651427018488 0.027932782750030753 0.069614946631435026 0.092372761733920866 0.094365066855199742 0.089239248775779476 0.090588808548877978 -0.089446488436708799 0.086485567182112602 -0.090498774935785245 -0.089115531504509224 -0.088473944030721549 -0.09010087924249556 -0.090414284205766415 -0.060802760348793713 -0.089125270976730619 -0.090018805458650764 -0.088535271601513657 -0.091321270366098661 -0.089211361363312369 -0.089614056839384379
leaf_weight=200.84530435595661 0.15030129719525476 0.52717146105714974 0.93290573946433031 4.4631937369704238 4.942682038061319 4.3863857556134462 1.1147043254459266 2.7801925148814917 36.768963195383549 0.072676535695791245 1.4229323545587238 9.7835995741188508 32.94686484336853 0.30721781775355339 723.74792238324881 6.1680455580353737 50.755136603023857 31.510561435017735 62.050947065692526 122.13966674450785 22.244769604410976 4.8656020096968851 12.469780873521811 0.063191429129801691 35.065754972631112 140.7750360541977 85.620690471725538 2.2781511476496226 26.232471213676035 84.852625000989065
leaf_count=41472 39 360 126 95 182 308 39 152 4420 60 52 250 300 49 10478 64 11232 1209 20736 25920 4752 1075 5551 26 7344 38016 17501 864 5616 18576
internal_value=-2.52047e-09 0.0854458 0.0880317 0.0769939 0.0485278 0.0571524 0.083257 0.0625026 0.0872252 -0.0856051 0.0887849 0.0846697 0.0871621 -0.0012094 0.0890221 0.0788439 -0.0892027 0.0891244 -0.0897333 -0.0886641 -0.0896013 -0.08893 -0.0902745 -0.0821099 -0.0897147 -0.0898671 -0.0886195 -0.0891559 -0.088873 -0.0894711
internal_weight=1712.29 874.559 861.876 55.056 9.92892 9.32907 45.1271 7.24339 37.8837 0.599848 806.82 43.9706 42.7305 1.24012 762.849 7.59098 837.726 755.258 421.977 415.749 359.926 214.904 12.6833 0.213493 311.449 191.53 90.4863 124.418 48.4772 119.918
internal_count=216864 23760 18144 5616 910 490 4706 247 4459 420 12528 725 550 175 11803 116 193104 11687 106272 86832 85536 45360 5616 65 75168 49248 18576 26784 10368 25920
is_linear=0
shrinkage=0.08


Tree=11
num_leaves=31
num_cat=0
split_feature=28 16 32 10 12 9 11 13 8 2 11 31 22 8 8 28 13 32 31 28 19 8 0 19 11 19 28 28 28 11
split_gain=1855.36 56.2537 1.14561 1.58003 1.48576 1.02966 0.530259 1.23716 0.757305 0.129963 0.12792 1.4486 0.610691 0.601337 0.133732 0.67004 0.0468026 0.0241503 0.00421691 0.00318983 0.0030109 0.00283432 0.0077797 0.00152961 0.00129424 0.00116741 0.0012416 0.00109765 0.000665117 0.000615394
threshold=73.387500000000003 6.6000000000000005 87.200000000000017 1.0000000180025095e-35 560.00000000000011 1.0000000180025095e-35 1.0000000180025095e-35 16.700000000000003 1.0000000180025095e-35 162.50000000000003 1.0000000180025095e-35 91.350000000000009 207.50000000000003 1.5000000000000002 1.0000000180025095e-35 93.096250000000012 25.400000000000002 56.150000000000013 65.840000000000018 37.830000000000005 623.50000000000011 1.0000000180025095e-35 27.500000000000004 445.00000000000006 1.0000000180025095e-35 89.000000000000014 44.828750000000007 52.367500000000007 61.675000000000011 1.0000000180025095e-35
decision_type=2 2 2 2 2 2 2 2 2 2 2 2 2 2 2 2 2 2 2 2 2 2 2 2 2 2 2 2 2 2
left_child=17 21 3 4 9 -6 7 -5 -8 -3 11 13 -13 -4 15 -12 -16 19 20 -1 25 22 -2 27 -25 26 -19 -21 29 -22
right_child=1 2 10 6 5 -7 8 -9 -10 -11 14 12 -14 -15 16 -17 -18 18 -20 23 28 -23 -24 24 -26 -27 -28 -29 -30 -31
leaf_value=-0.08702746643235873 -0.089396129171245745 -0.09623886884209068 -0.042012780855443674 0.089228231644885664 0.02946277656347368 0.083188005057543091 0.019129464627662709 0.020859473172806071 0.087674359201381766 0.017059160978159082 0.042963760172981938 0.06766291261336381 0.090869442337394038 0.091898342779624956 0.087749138221594289 0.094149625960146005 0.084510161707954376 -0.087821016484672762 -0.088776237908657574 -0.087606514959717871 -0.089002770173608498 -0.088697776414140658 -0.055065650252869719 -0.088533119595497894 -0.087152082799066527 -0.087932968233386796 -0.088361452398032794 -0.088589513574729536 -0.087717565071342138 -0.087005870094111634
leaf_weight=189.34470620099455 0.14126274816226114 0.4811145074054356 0.82293645665049442 4.1916840784251681 5.0646856301464123 4.1568906027823687 1.0632586055435229 2.8426858577877283 34.617340484634042 0.074882402084767818 2.4817247076425692 9.4864845890551788 30.885847609490156 0.29033506289124489 681.26664208434522 4.8071362376213074 29.800777344964445 33.40552258794196 58.467192836615141 109.38772471435368 1.0392043695319468 11.726986266105085 0.060270019224844873 4.5901023708283892 80.65675281197764 112.84851480321959 146.610132893431 7.7876738072372964 24.697874908801168 19.924397703725845
leaf_count=41472 39 360 126 95 182 308 39 152 4420 60 72 250 300 49 10478 44 1209 7776 20736 24624 275 5551 26 1075 17501 25920 41472 2160 5616 4477
internal_value=-1.40796e-09 0.0839312 0.0864638 0.0750336 0.0460236 0.053681 0.0816741 0.0615995 0.0856318 -0.0809797 0.0872534 0.0829341 0.0854165 -0.0070895 0.0875029 0.0767218 0.0876134 -0.0877091 -0.0881489 -0.0872635 -0.0880405 -0.0885361 -0.0791293 -0.0874843 -0.0872264 -0.0881347 -0.0882612 -0.0876718 -0.0874363 -0.0871049
internal_weight=1613.02 824.263 812.334 52.4925 9.77757 9.22158 42.715 7.03437 35.6806 0.555997 759.842 41.4856 40.3723 1.11327 718.356 7.28886 711.067 788.76 396.993 391.767 338.526 11.9285 0.201533 202.422 85.2469 292.864 180.016 117.175 45.6615 20.9636
internal_count=216864 23760 18144 5616 910 490 4706 247 4459 420 12528 725 550 175 11803 116 11687 193104 106272 86832 85536 5616 65 45360 18576 75168 49248 26784 10368 4752
is_linear=0
shrinkage=0.08


Tree=12
num_leaves=31
num_cat=0
split_feature=28 16 32 10 12 9 11 13 8 11 31 22 8 8 28 2 13 32 8 0 31 28 19 19 11 32 28 32 19 28
split_gain=1688.15 50.9222 1.18557 1.62555 1.2413 1.03117 0.522438 1.10832 0.751832 0.133586 1.2796 0.636592 0.582829 0.14596 0.698336 0.122076 0.0620063 0.0156429 0.00310765 0.00845644 0.00266972 0.00207735 0.00182199 0.000994788 0.000970969 0.00071978 0.000708847 0.000705202 0.000453204 0.000434239
threshold=73.387500000000003 6.6000000000000005 87.200000000000017 1.0000000180025095e-35 560.00000000000011 1.0000000180025095e-35 1.0000000180025095e-35 16.700000000000003 1.0000000180025095e-35 1.0000000180025095e-35 91.350000000000009 207.50000000000003 1.5000000000000002 1.0000000180025095e-35 80.58750000000002 162.50000000000003 25.400000000000002 56.150000000000013 1.0000000180025095e-35 27.500000000000004 63.475000000000009 37.830000000000005 623.50000000000011 445.00000000000006 1.0000000180025095e-35 62.100000000000009 52.367500000000007 72.050000000000011 363.50000000000006 61.675000000000011
decision_type=2 2 2 2 2 2 2 2 2 2 2 2 2 2 2 2 2 2 2 2 2 2 2 2 2 2 2 2 2 2
left_child=17 18 3 4 15 -6 7 -5 -8 10 12 -12 -4 14 -11 -3 -15 21 19 -2 22 -1 25 26 -25 -19 -23 -22 -27 -24
right_child=1 2 9 6 5 -7 8 -9 -10 13 11 -13 -14 16 -16 -17 -18 20 -20 -21 27 23 29 24 -26 28 -28 -29 -30 -31
leaf_value=-0.085912158260598753 -0.088023698248467119 -0.093284783683001762 -0.041041822973746589 0.087885435700868958 0.026795509605550077 0.081155967093256204 0.013576306590996168 0.022694092563850507 0.086439518372862886 0.020010142624320899 0.065439879415517821 0.089700288917367269 0.089841738342052641 0.086524497792716495 0.08638664903466993 0.016043335231036931 0.082682055542406027 -0.086490596654092353 -0.087284868025420834 -0.051189396792553576 -0.086969060960181768 -0.086395102851025904 -0.085975667334774714 -0.087245488401419435 -0.08601158658989283 -0.08695035159519203 -0.087211987669651519 -0.087459901140381324 -0.086697443550187214 -0.086487126458871896
leaf_weight=177.50641455734149 0.13281272072344918 0.43956458559841749 0.7781688013637893 3.9171294644474974 5.1239957581274194 3.9586913641542196 0.93240007245913048 2.9081399068236351 32.408603375777602 1.2295667142607261 9.1111418064683658 28.812791347503662 0.30234935879707336 637.78461303375661 5.7972362004220486 0.076783123426139355 28.060822964645922 36.873217411339283 10.954819014463281 0.057013779733097181 31.413119123084471 102.45128603419289 19.64943733625114 4.3145385570824137 75.580403344705701 148.81978842034005 7.2816597485216326 46.409781396898325 65.220219627488405 23.129532813327387
leaf_count=41472 39 360 126 95 182 308 39 152 4420 44 250 300 49 10478 72 60 1209 9072 5551 26 8640 24624 4752 1075 17501 42336 2160 19872 15984 5616
internal_value=-1.16879e-09 0.082659 0.0851431 0.0732056 0.0436292 0.0504885 0.0802738 0.0601084 0.0844019 0.0859777 0.0814259 0.0838718 -0.00441813 0.0862415 0.0747719 -0.0770272 0.0863626 -0.0864792 -0.087109 -0.0769606 -0.0868452 -0.0861088 -0.0867348 -0.086293 -0.0860782 -0.086817 -0.0864493 -0.0872618 -0.0868733 -0.0862522
internal_weight=1511.44 772.787 761.642 49.7653 9.59903 9.08269 40.1663 6.82527 33.341 711.877 39.0045 37.9239 1.08052 672.872 7.0268 0.516348 665.845 738.649 11.1446 0.189827 371.515 367.134 293.692 189.628 79.8949 250.913 109.733 77.8229 214.04 42.779
internal_count=216864 23760 18144 5616 910 490 4706 247 4459 12528 725 550 175 11803 116 420 11687 193104 5616 65 106272 86832 77760 45360 18576 67392 26784 28512 58320 10368
is_linear=0
shrinkage=0.08


Tree=13
num_leaves=31
num_cat=0
split_feature=28 16 32 10 9 17 12 11 28 8 11 31 8 22 8 28 13 32 8 2 31 28 19 11 19 11 32 32 20 12
split_gain=1534.27 46.1772 1.24976 1.62553 1.0613 1.16753 0.716618 0.594011 1.30874 0.668131 0.141946 1.19948 0.607599 0.40913 0.16763 0.686224 0.0823705 0.0101432 0.00367405 0.00994881 0.0016826 0.00135501 0.0011909 0.000731429 0.000723189 0.000477339 0.000442338 0.000435166 0.00048313 0.00961152
threshold=73.387500000000003 6.6000000000000005 87.200000000000017 1.0000000180025095e-35 1.0000000180025095e-35 14.500000000000002 634.00000000000011 1.0000000180025095e-35 82.612500000000011 1.0000000180025095e-35 1.0000000180025095e-35 98.015000000000015 1.5000000000000002 207.50000000000003 1.0000000180025095e-35 93.096250000000012 25.400000000000002 56.150000000000013 1.0000000180025095e-35 158.74800000000002 63.475000000000009 38.426250000000003 623.50000000000011 1.0000000180025095e-35 445.00000000000006 1.0000000180025095e-35 62.100000000000009 72.050000000000011 1047.5000000000002 351.00000000000006
decision_type=2 2 2 2 2 2 2 2 2 2 2 2 2 2 2 2 2 2 2 2 2 2 2 2 2 2 2 2 2 2
left_child=17 18 3 4 5 -3 -6 8 -5 -9 11 12 -4 -13 15 -12 -16 21 19 -2 22 -1 25 -23 -25 -19 -27 -22 -29 -30
right_child=1 2 10 7 6 -7 -8 9 -10 -11 14 13 -14 -15 16 -17 -18 20 -20 -21 27 23 -24 24 -26 26 -28 28 29 -31
leaf_value=-0.08499485161162966 -0.087438094192194143 0.032976840694004611 0.0054819506870634341 0.0010828547418317257 -0.016228925025732512 -0.07875349694486794 0.086762010725508806 0.016270044470332638 0.080884905340473282 0.085416773837074605 0.039478614117773564 0.067493532083951271 0.087339270971303784 0.088795743743937297 0.085512903837132836 0.092455550212017387 0.080938708274477009 -0.086206672047648272 -0.086120259236722868 -0.046887803616634458 -0.085870161072491777 -0.086002441376934219 -0.085270621753271061 -0.085419107700373101 -0.085073404691186336 -0.085442813374922488 -0.085762683958209282 -0.086303414519644781 -0.086214374108321473 -0.039778678093467607
leaf_weight=174.12298735696822 0.12178493023384263 4.8608879037201387 1.9663137026072939 1.9057427663356055 0.4952688916382616 0.68260968755930651 3.4053800385445356 0.92164653213694947 4.2446988858282566 30.176144354045391 2.5050153266638508 7.3566582910716525 0.82334039919078339 26.757725931704044 593.85046223178506 4.1694385409355164 26.311780133284628 13.437550618080421 10.205492819986828 0.056774298340314999 29.224793476518244 9.3111834883457032 39.852474402403459 91.564933719695546 67.114595083752647 32.452897344017401 187.67689353344031 42.508289957535453 0.63611776218749483 0.029867241006286349
leaf_count=43632 39 130 162 133 352 208 220 39 114 4420 72 200 63 300 10478 44 1209 3900 5551 26 8640 2500 10368 24013 16687 8547 54945 19008 432 432
internal_value=1.45915e-09 0.0815613 0.0840093 0.0713585 0.0417146 0.0192187 0.0736852 0.0788746 0.0561579 0.0833675 0.0848992 0.0800776 0.0296414 0.084202 0.0851831 0.0725726 0.0853188 -0.0854601 -0.0859212 -0.0745448 -0.0857656 -0.0851512 -0.0856748 -0.0853133 -0.0852729 -0.0857438 -0.0857155 -0.0861086 -0.0862699 -0.0841319
internal_weight=1408.75 720.817 710.433 46.6924 9.44415 5.5435 3.90065 37.2482 6.15044 31.0978 663.741 36.904 2.78965 34.1144 626.837 6.67445 620.162 687.933 10.3841 0.178559 345.819 342.114 273.42 167.991 158.68 233.567 220.13 72.3991 43.1743 0.665985
internal_count=216864 23760 18144 5616 910 338 572 4706 247 4459 12528 725 225 500 11803 116 11687 193104 5616 65 106272 86832 77760 43200 40700 67392 63492 28512 19872 864
is_linear=0
shrinkage=0.08


Tree=14
num_leaves=31
num_cat=0
split_feature=28 16 32 9 10 32 13 8 13 11 21 10 8 28 28 10 10 32 8 2 31 28 19 11 20 12 7 19 11 32
split_gain=1392.22 41.7842 1.31385 1.59741 3.7203 1.53618 1.34876 0.192183 0.394648 0.121351 0.932355 1.43052 0.127458 0.551919 0.0472945 0.0378 0.00678883 0.00657862 0.00409397 0.0109367 0.00105396 0.000886063 0.000778981 0.00065454 0.00049218 0.0107682 0.0759446 0.000488228 0.000439939 0.000328968
threshold=73.387500000000003 6.6000000000000005 89.750000000000014 1.0000000180025095e-35 1.0000000180025095e-35 87.200000000000017 25.400000000000002 1.0000000180025095e-35 16.700000000000003 1.0000000180025095e-35 146.50000000000003 1.0000000180025095e-35 1.0000000180025095e-35 93.096250000000012 79.41500000000002 1.0000000180025095e-35 1.0000000180025095e-35 56.150000000000013 1.0000000180025095e-35 158.74800000000002 63.475000000000009 37.830000000000005 623.50000000000011 1.0000000180025095e-35 1047.5000000000002 351.00000000000006 0.82500000000000007 445.00000000000006 1.0000000180025095e-35 73.250000000000014
decision_type=2 2 2 2 2 2 2 2 2 2 2 2 2 2 2 2 2 2 2 2 2 2 2 2 2 2 2 2 2 2
left_child=17 18 3 4 5 -3 -6 8 -5 10 11 -4 13 -11 -9 -12 -14 21 19 -2 22 -1 28 -23 29 -26 -27 -25 -19 -22
right_child=1 2 9 7 6 -7 -8 14 -10 12 15 -13 16 -15 -16 -17 -18 20 -20 -21 24 23 -24 27 25 26 -28 -29 -30 -31
leaf_value=-0.084215264346761423 -0.086432612669556777 0.016951195799007841 0.015049471158051737 0.090981643817866539 0.075489031912710142 -0.11022725596602662 -0.10280457943877597 0.073431663655028109 -0.0096274192545229773 0.042095841278856218 0.093425013534794293 0.079821857310738265 0.085337936892782087 0.091654089849747586 0.084349675229107551 0.086243728867802377 0.084554783341603351 -0.085311474522379568 -0.08513527143280776 -0.042189239123120406 -0.084995762889934753 -0.085140878220446567 -0.084453229649946324 -0.084565526895776899 -0.085244161539832344 -0.086431214310435961 0.29276407565211648 -0.084277638762087964 -0.084822531232846499 -0.08535199796193986
leaf_weight=153.40454460750334 0.11304040928371151 5.4306319585302871 3.2059308583848161 0.5905868001282204 21.715528972446922 0.68446059990674246 0.27498411480337281 2.7268668282777062 0.43208390427753329 2.3002827744930974 6.3534607868641642 6.8337901958147995 83.525835614651442 3.8376197628676891 36.903383547236444 17.928007856011391 466.44336906448007 12.49997234996408 9.4524680381873605 0.052302195021184161 33.816068902960978 9.1350440562237036 36.928602286148816 89.292373880860396 0.58906039292924006 0.025060366024263203 0.0039073032312444403 65.252134346868843 203.78915096598212 32.569541541161016
leaf_count=41472 39 338 84 15 2277 78 1035 588 33 60 72 266 1638 44 2548 228 8840 3900 5551 26 11232 2625 10368 25234 432 49 383 17501 63492 16416
internal_value=-3.70095e-10 0.0806267 0.083042 0.0725761 0.057911 0.00271615 0.0732595 0.0827148 0.0484738 0.0842609 0.0796442 0.0591384 0.0845458 0.0730813 0.0835984 0.0881228 0.0846737 -0.0846117 -0.084917 -0.0724373 -0.0848675 -0.0843534 -0.0847928 -0.0844829 -0.0851496 -0.0829024 -0.0352835 -0.084444 -0.0848508 -0.0851705
internal_weight=1306.11 668.805 659.187 68.7585 28.1056 6.11509 21.9905 40.6529 1.02267 590.428 34.3212 10.0397 556.107 6.1379 39.6303 24.2815 549.969 637.305 9.61781 0.165343 320.221 317.084 253.218 163.68 67.0036 0.618028 0.0289677 154.545 216.289 66.3856
internal_count=216864 23760 18144 6912 3728 416 3312 3184 48 11232 650 350 10582 104 3136 300 10478 193104 5616 65 106272 86832 77760 45360 28512 864 432 42735 67392 27648
is_linear=0
shrinkage=0.08


Tree=15
num_leaves=31
num_cat=0
split_feature=28 16 32 10 9 17 11 28 8 12 8 28 12 11 13 22 13 8 0 32 11 28 31 20 12 7 19 19 11 7
split_gain=1260.48 37.7533 1.51602 1.67367 0.983505 1.24858 0.734503 1.52696 0.82442 0.68631 0.151243 0.872994 0.477109 0.140376 1.20429 0.109625 0.0827325 0.00520941 0.0133233 0.00426695 0.000745616 0.000635893 0.000617713 0.000485293 0.0099973 0.051581 0.000432684 0.000364059 0.000328729 0.000238314
threshold=73.387500000000003 6.6000000000000005 87.200000000000017 1.0000000180025095e-35 1.0000000180025095e-35 14.500000000000002 1.0000000180025095e-35 82.612500000000011 1.0000000180025095e-35 634.00000000000011 1.0000000180025095e-35 79.857500000000016 351.00000000000006 1.0000000180025095e-35 23.850000000000005 207.50000000000003 25.400000000000002 1.0000000180025095e-35 27.500000000000004 59.800000000000011 1.0000000180025095e-35 38.426250000000003 62.620000000000012 1047.5000000000002 351.00000000000006 0.82500000000000007 694.50000000000011 445.00000000000006 1.0000000180025095e-35 0.79500000000000015
decision_type=2 2 2 2 2 2 2 2 2 2 2 2 2 2 2 2 2 2 2 2 2 2 2 2 2 2 2 2 2 2
left_child=19 17 3 4 5 -3 7 -5 -8 -6 11 12 -4 14 -12 -13 -15 18 -2 20 -1 -22 26 -24 -25 -26 28 -23 -21 -19
right_child=1 2 10 6 9 -7 8 -9 -10 -11 13 15 -14 16 -16 -17 -18 29 -20 22 21 27 23 24 25 -27 -28 -29 -30 -31
leaf_value=-0.084207151086572854 -0.085192137431911757 0.029052226858242026 0.058167513442029549 -0.013975954427066424 -0.017636836460969568 -0.093528231065824863 0.0032609437771453638 0.077283589071474063 0.083877628862362483 0.085092423637990675 0.080953855822336204 0.064605952316757725 -0.044998758137879687 0.083961475491831819 -0.012451517764704201 0.089988768110347617 0.079012342121101545 -0.081990840637932202 -0.034222804709214814 -0.084541655542762592 -0.083549994161118774 -0.083885214568120411 -0.084375002990085296 -0.084432566749198093 -0.085440966188618919 0.20079418753234296 -0.083730755819541203 -0.08364055215322902 -0.084082553331310303 -0.084397788147357267
leaf_weight=17.79685979988426 0.10643771139439095 4.8966412246227247 0.58792639523744472 1.6924824565649021 0.48537185782333869 0.5966041067149489 0.83812004851643251 3.826063783839345 25.90631864964962 2.9209115672856569 30.063484582235109 1.4286037199199197 0.56031609466299415 506.42842669971287 0.9101661762688299 4.5802151262760162 22.580997290089726 0.27174348454718611 0.047457318723900244 10.593722539255394 140.4663525854703 93.361647904734127 63.309026543865912 0.54260454268660296 0.023013789672404528 0.00488440503613674 21.629785401863046 66.755367587320507 172.74116230837535 8.4400513893924636
leaf_count=5500 39 130 15 133 352 208 39 114 4420 220 552 35 35 10478 144 60 1209 169 26 3600 41107 28897 28512 432 49 383 6480 19536 58608 5382
internal_value=8.78837e-10 0.0798314 0.0822201 0.0673957 0.0366813 0.0157391 0.0758681 0.0492952 0.0813513 0.0704542 0.083296 0.0717402 0.00782473 0.0834437 0.0782091 0.083954 0.0837502 -0.084065 -0.0694745 -0.0839022 -0.083704 -0.0836742 -0.0841369 -0.0843541 -0.0820313 -0.035327 -0.0840692 -0.0837832 -0.0841091 -0.0843227
internal_weight=1204.39 617.168 608.303 41.1625 8.89953 5.49325 32.263 5.51855 26.7444 3.40628 567.14 7.15706 1.14824 559.983 30.9737 6.00882 529.009 8.86569 0.153895 587.224 318.38 300.583 268.844 63.8795 0.570503 0.0278982 204.965 160.117 183.335 8.71179
internal_count=216864 23760 18144 5616 910 338 4706 247 4459 572 12528 145 50 12383 696 95 11687 5616 65 193104 95040 89540 98064 29376 864 432 68688 48433 62208 5551
is_linear=0
shrinkage=0.08


Tree=16
num_leaves=31
num_cat=0
split_feature=28 16 32 10 9 17 11 12 8 12 13 9 11 21 8 8 2 1 32 7 20 12 7 9 11 31 11 7 0 19
split_gain=1137.41 33.9796 1.51779 1.66236 0.936983 1.04052 0.73139 1.39745 0.64189 0.615735 0.166632 4.31445 0.135873 1.00565 0.139133 0.00643898 0.0159741 0.00519412 0.00274364 0.00229066 0.000705208 0.0151253 0.0526673 0.058724 0.000565649 0.000498413 0.000443736 0.000421182 0.00257426 0.000361606
threshold=73.387500000000003 6.6000000000000005 87.200000000000017 1.0000000180025095e-35 1.0000000180025095e-35 14.500000000000002 1.0000000180025095e-35 634.00000000000011 1.0000000180025095e-35 634.00000000000011 25.400000000000002 1.5000000000000002 1.0000000180025095e-35 146.50000000000003 1.0000000180025095e-35 1.0000000180025095e-35 158.74800000000002 57.800000000000004 56.150000000000013 0.82500000000000007 1047.5000000000002 351.00000000000006 0.82500000000000007 1.5000000000000002 1.0000000180025095e-35 65.840000000000018 1.0000000180025095e-35 0.79500000000000015 28.500000000000004 623.50000000000011
decision_type=2 2 2 2 2 2 2 2 2 2 2 2 2 2 2 2 2 2 2 2 2 2 2 2 2 2 2 2 2 2
left_child=18 15 3 4 5 -3 7 -5 -8 -6 12 19 13 -4 -14 16 -2 -13 24 -12 25 -22 -23 -24 -1 26 -20 28 -17 -28
right_child=1 2 10 6 9 -7 8 -9 -10 -11 11 17 14 -15 -16 27 -18 -19 20 -21 21 22 23 -25 -26 -27 29 -29 -30 -31
leaf_value=-0.083602150912763934 -0.084912586154566955 0.026366338197782113 0.054575986187844649 0.0014313970474495628 -0.01485870017714188 -0.091311577186670531 0.01383798070746343 0.084773553577209754 0.083278683891004748 0.084508505418211421 -0.093812408647435327 0.083249091402742864 0.070556664575984016 0.087070306908929973 0.083377226425398451 -0.062498153879640771 -0.027987270870933313 0.077810308409774528 -0.083899492223064795 -0.10503207666851903 -0.083755014258435262 -0.084628324913947298 0.39218442824694649 -0.089217422036811489 -0.083097629475432935 -0.083756982320317877 -0.083461961499227244 -0.083724255965097055 -0.084094382971465834 -0.083161522267739083
leaf_weight=15.070086461142635 0.097967793699352046 4.8506671208888275 8.5886293407820649 2.3139843791723278 0.46914839488454196 0.53380411607213307 0.88368608755991118 2.9030034933239222 23.719393389299512 2.6732060760259628 0.14011500403285282 19.219915163383124 5.4814774561673394 20.998949691653252 463.8108315654099 0.042679419391788431 0.046534625609638169 1.1935874596238125 13.149288204149341 0.68986036581918597 0.49715936544816841 0.021004598587751389 0.0035977953375549978 0.0029526797588914633 252.79388558352366 39.139632210950367 187.63893781928346 7.7330491083557718 0.20498542318819091 29.696890295483172
leaf_count=5025 39 130 350 152 352 208 39 95 4420 220 114 153 104 300 10478 39 26 210 4950 819 432 49 273 110 81807 19872 70818 5382 130 9768
internal_value=4.88217e-10 0.079105 0.0814681 0.0661083 0.034959 0.0147 0.0750152 0.0478073 0.0807845 0.0696731 0.0826005 0.0756614 0.082896 0.0776379 0.0832275 -0.0833172 -0.0665807 0.0829311 -0.0833074 -0.103138 -0.0834873 -0.0805574 -0.0228639 0.175189 -0.083126 -0.083493 -0.0834482 -0.0836202 -0.0803728 -0.0834209
internal_weight=1104.61 566.595 558.47 38.3469 8.52683 5.38447 29.8201 5.21699 24.6031 3.14235 520.123 21.2435 498.88 29.5876 469.292 8.12522 0.144502 20.4135 538.013 0.829975 270.149 0.524714 0.0275551 0.00655048 267.864 269.625 230.485 7.98071 0.247665 217.336
internal_count=216864 23760 18144 5616 910 338 4706 247 4459 572 12528 1296 11232 650 10582 5616 65 363 193104 933 106272 864 432 383 86832 105408 85536 5551 169 80586
is_linear=0
shrinkage=0.08


Tree=17
num_leaves=31
num_cat=0
split_feature=28 16 32 10 9 17 11 12 8 12 8 28 20 11 28 22 13 8 0 20 12 7 9 32 5 11 7 0 11 28
split_gain=1022.85 30.5069 1.56507 1.63248 0.904775 0.875954 0.723205 1.31193 0.691319 0.545397 0.197172 0.860411 0.324751 0.206474 1.22994 0.166873 0.08606 0.00770228 0.0184777 0.00184632 0.0338717 0.0743364 0.0437089 0.00184174 0.000835999 0.000552864 0.000529684 0.00303365 0.000360426 0.000304403
threshold=73.387500000000003 6.6000000000000005 87.200000000000017 1.0000000180025095e-35 1.0000000180025095e-35 14.500000000000002 1.0000000180025095e-35 634.00000000000011 1.0000000180025095e-35 634.00000000000011 1.0000000180025095e-35 79.857500000000016 844.00000000000011 1.0000000180025095e-35 79.857500000000016 207.50000000000003 25.400000000000002 1.0000000180025095e-35 27.500000000000004 1047.5000000000002 351.00000000000006 0.82500000000000007 1.5000000000000002 62.100000000000009 2.2500000000000004 1.0000000180025095e-35 0.79500000000000015 28.500000000000004 1.0000000180025095e-35 38.426250000000003
decision_type=2 2 2 2 2 2 2 2 2 2 2 2 2 2 2 2 2 2 2 2 2 2 2 2 2 2 2 2 2 2
left_child=19 17 3 4 5 -3 7 -5 -8 -6 11 12 -4 14 -12 -13 -15 18 -2 23 -21 -22 24 25 -23 -1 27 -19 -25 -27
right_child=1 2 10 6 9 -7 8 -9 -10 -11 13 15 -14 16 -16 -17 -18 26 -20 20 21 22 -24 28 -26 29 -28 -29 -30 -31
leaf_value=-0.083136089804393562 -0.083958637454263491 0.023888787439006333 -0.039236805524244009 0.00081662155488489488 -0.0107997291991922 -0.089487756196842835 0.0059095848436272478 0.084236068001564232 0.082775615627998594 0.084149283414962778 0.029725587708405905 0.056548822766871898 0.049239203403789872 0.082876715912995086 0.081852078337543613 0.089551770897708188 0.077368466181172685 -0.059150363098762773 -0.020173241447224304 -0.083184916410269316 -0.083948002257674334 0.36201912479858583 -0.087838479056578933 -0.083410339889538984 0.28486996390531638 -0.082551797999722593 -0.083158942311789788 -0.083495358337928774 -0.082962665570845556 -0.082724971067437536
leaf_weight=15.722953782416878 0.091447061975485577 4.8118490725755674 0.56347854435443767 2.2244376661255982 0.45983558145235326 0.47959821356926102 0.77574483980424958 2.6368727125227451 21.591541627421975 2.4504167437553406 3.3066730985010535 1.3065667152404783 0.50209286250174046 422.34596453048289 23.382615501061082 3.9293903950601816 18.96853260602802 0.039716797949949867 0.042609204130712897 0.45296062203124066 0.019154850509949028 0.0010651992197381333 0.0026133847422897816 12.217160070780663 0.0057587464980315417 117.27596672740765 7.0479698735871352 0.18698615528410301 198.81793375313282 145.63632453081664
leaf_count=5775 39 130 35 152 352 208 39 95 4420 220 240 35 15 10478 456 60 1209 39 26 432 49 214 110 5350 59 41107 5382 130 87098 52910
internal_value=5.70824e-10 0.0784834 0.0808259 0.0646068 0.0333182 0.0136127 0.0740315 0.046065 0.0801097 0.0691468 0.0820375 0.0679807 0.00245273 0.0822267 0.0753939 0.0813163 0.08264 -0.0826864 -0.0636847 -0.0828054 -0.0778543 0.00659443 0.190367 -0.0828103 0.296913 -0.0826753 -0.0830365 -0.0792303 -0.0829886 -0.0826477
internal_weight=1007.3 517.144 509.736 35.4303 8.2017 5.29145 27.2286 4.86131 22.3673 2.91025 474.305 6.30153 1.06557 468.004 26.6893 5.23596 441.314 7.40873 0.134056 490.152 0.481553 0.0285922 0.00943733 489.67 0.00682395 278.635 7.27467 0.226703 211.035 262.912
internal_count=216864 23760 18144 5616 910 338 4706 247 4459 572 12528 145 50 12383 696 95 11687 5616 65 193104 864 432 383 192240 273 99792 5551 169 92448 94017
is_linear=0
shrinkage=0.08


Tree=18
num_leaves=31
num_cat=0
split_feature=28 16 32 10 9 17 11 12 8 12 11 28 10 8 28 13 10 8 2 20 12 7 9 32 7 0 11 10 11 8
split_gain=915.918 27.2625 1.58834 1.60484 0.848668 0.741964 0.726961 1.24158 0.568561 0.491012 0.226829 1.33605 1.33601 0.265729 0.837163 0.117157 0.0378189 0.00967579 0.0233997 0.00281546 0.044445 0.0730143 0.0317262 0.00119432 0.000643749 0.0034918 0.00048075 0.000380134 0.000321315 0.000207306
threshold=73.387500000000003 6.6000000000000005 87.200000000000017 1.0000000180025095e-35 1.0000000180025095e-35 14.500000000000002 1.0000000180025095e-35 634.00000000000011 1.0000000180025095e-35 634.00000000000011 1.0000000180025095e-35 85.425000000000011 1.0000000180025095e-35 1.0000000180025095e-35 79.857500000000016 25.400000000000002 1.0000000180025095e-35 1.0000000180025095e-35 158.74800000000002 1047.5000000000002 351.00000000000006 0.82500000000000007 1.5000000000000002 62.100000000000009 0.79500000000000015 28.500000000000004 1.0000000180025095e-35 1.0000000180025095e-35 1.0000000180025095e-35 1.0000000180025095e-35
decision_type=2 2 2 2 2 2 2 2 2 2 2 2 2 2 2 2 2 2 2 2 2 2 2 2 2 2 2 2 2 2
left_child=19 17 3 4 5 -3 7 -5 -8 -6 11 12 -4 14 -12 -15 -13 18 -2 23 -21 -22 27 26 25 -19 -1 -23 -25 -28
right_child=1 2 10 6 9 -7 8 -9 -10 -11 13 16 -14 15 -16 -17 -18 24 -20 20 21 22 -24 28 -26 -27 29 -29 -30 -31
leaf_value=-0.082726696076123332 -0.08386004934081763 0.021821378116381789 0.0025511872453009023 -0.00025007515020862038 -0.0075816753630060076 -0.08799945337701344 0.015056416831906885 0.083789490262109481 0.082352083566052309 0.083728469309997347 -0.0053495664584072159 0.092688175148284452 0.071005812396754381 0.082466735800792543 0.079291779174257684 0.075592755728764824 0.084310279807009836 -0.055909863936068886 -0.009879061077779798 -0.082707353953309276 -0.083376642779503143 0.23785352465777265 -0.08659650278858104 -0.082959040122578473 -0.082683969925780407 -0.083001544646301439 -0.083033877009621407 0.28410300806342603 -0.082516182337646515 -0.082242679561754323
leaf_weight=14.342758608283473 0.085283498279749348 4.7319494057446709 2.798414936987685 2.1318273944780257 0.45402215668582391 0.42945863597560663 0.83795522479340689 2.3824442364275455 19.537503883242607 2.219070135615766 0.91963099455460806 4.7148150987923154 5.2438552808598615 383.14799518417567 4.0041457694023848 16.553887379355729 12.838375184684992 0.0370844447534181 0.040288054675329477 0.41140903014456753 0.01730931515339762 0.007763156376313419 0.0023235320113599309 11.134026328742037 6.385259211412631 0.17014136438956484 2.1386588850291437 0.0013326137559488407 179.97254254401196 235.9444178219419
leaf_count=5775 39 130 102 152 352 208 39 95 4420 220 40 72 323 10478 76 1209 228 39 26 432 49 37 110 5350 5382 130 924 236 87098 93093
internal_value=5.68991e-10 0.0778783 0.0802001 0.0632096 0.0316322 0.0126837 0.0731491 0.0441025 0.0795845 0.0682195 0.0814925 0.0741889 0.0471861 0.0819545 0.063483 0.082182 0.0865606 -0.0821225 -0.0601242 -0.0823848 -0.0759895 0.020213 0.177234 -0.0823911 -0.0825416 -0.0781533 -0.0822769 0.244629 -0.082542 -0.0822498
internal_weight=913.636 469.663 462.945 32.7242 7.8345 5.16141 24.8897 4.51427 20.3755 2.67309 430.221 25.5955 8.04227 404.626 4.92378 399.702 17.5532 6.71806 0.125572 443.973 0.440138 0.0287286 0.0114193 443.532 6.59249 0.207226 252.426 0.00909577 191.107 238.083
internal_count=216864 23760 18144 5616 910 338 4706 247 4459 572 12528 725 425 11803 116 11687 300 5616 65 193104 864 432 383 192240 5551 169 99792 273 92448 94017
is_linear=0
shrinkage=0.08


Tree=19
num_leaves=31
num_cat=0
split_feature=28 16 32 10 9 32 11 12 8 18 11 28 10 8 28 10 8 2 20 12 7 9 10 32 7 0 11 11 0 8
split_gain=816.663 24.2828 1.94897 2.76348 1.58677 1.17353 0.911013 1.20621 0.728283 0.434817 0.199838 1.08882 1.0656 0.20607 0.615293 0.0271307 0.0116477 0.0263942 0.00756847 0.0885424 0.0871656 0.0250424 0.0057601 0.000772129 0.000725126 0.00378986 0.000424982 0.000290853 0.000239607 0.000187221
threshold=73.387500000000003 6.6000000000000005 89.750000000000014 1.0000000180025095e-35 1.0000000180025095e-35 87.200000000000017 1.0000000180025095e-35 634.00000000000011 1.0000000180025095e-35 2.1735000000000007 1.0000000180025095e-35 85.425000000000011 1.0000000180025095e-35 1.0000000180025095e-35 93.096250000000012 1.0000000180025095e-35 1.0000000180025095e-35 158.74800000000002 1047.5000000000002 351.00000000000006 0.82500000000000007 1.5000000000000002 1.0000000180025095e-35 62.100000000000009 0.79500000000000015 28.500000000000004 1.0000000180025095e-35 1.0000000180025095e-35 25.500000000000004 1.0000000180025095e-35
decision_type=2 2 2 2 2 2 2 2 2 2 2 2 2 2 2 2 2 2 2 2 2 2 2 2 2 2 2 2 2 2
left_child=18 16 3 4 5 -3 7 -5 -8 -6 11 12 -4 14 -12 -13 17 -2 23 -20 -21 28 -15 26 25 -18 -1 -25 -22 -28
right_child=1 2 10 6 9 -7 8 -9 -10 -11 13 15 -14 22 -16 -17 24 -19 19 20 21 -23 -24 27 -26 -27 29 -29 -30 -31
leaf_value=-0.082383908112627802 -0.083404755534073921 0.011717559818841745 0.0079384637722188303 -0.00016123277165302726 0.079468166253983258 -0.10025340526839518 0.0072123531392594021 0.08344942881144729 0.081988902554221768 -0.0054033042116835225 0.031005580758770843 0.09147973356309376 0.071578412602706171 0.082850227045804734 0.090572130765955342 0.084008002149763353 -0.053274627270807562 -0.0027764607241194013 -0.082304857792848907 -0.082904812839905251 0.23516920973551533 -0.085600153230426274 0.081977435614675298 -0.08258141452924761 -0.082283621906123677 -0.082597787885906077 -0.082690978897442258 -0.082139419369352124 0.20712345763377321 -0.081906616758120665
leaf_weight=13.057510047103277 0.07832820835756038 5.0292962392559257 2.6293334076181063 2.2730314936488893 2.8617016127100219 0.68005607347004104 0.86086643300950783 2.1476505603641272 26.302329768426716 0.44662920990958799 1.9478678451850999 4.2481528837233773 4.6830530399456638 58.018831121735275 2.5796066727489233 11.611937111243604 0.034500797799409955 0.03888365495367907 0.37065130419796233 0.015722528274636716 0.0022871198598295459 0.0020604149904102078 291.71228968724608 10.124044519616289 5.7556349931401201 0.1546708814566955 1.965634922729804 161.9386011066963 0.013211030163802207 212.34932534291875
leaf_count=5775 39 338 84 209 352 78 48 95 5440 352 60 72 266 1638 44 228 39 26 432 49 27 110 8840 5350 5382 130 924 87098 246 93093
internal_value=-1.95994e-09 0.0773351 0.0796403 0.0629857 0.0239257 -0.0016196 0.0741379 0.0404584 0.0796191 0.0680104 0.0814319 0.0742344 0.0486952 0.0819027 0.0649446 0.0860093 -0.081631 -0.0566573 -0.0820265 -0.0710814 0.0539144 0.176427 0.0821222 -0.0820376 -0.0821234 -0.0772499 -0.0819408 -0.0821654 0.211262 -0.0819138
internal_weight=823.934 424.095 418.033 40.6016 9.01768 5.70935 31.5839 4.42068 27.1632 3.30833 377.431 23.1725 7.31239 354.259 4.52747 15.8601 6.06202 0.117212 399.839 0.403932 0.0332811 0.0175586 349.731 399.435 5.94481 0.189172 227.372 172.063 0.0154982 214.315
internal_count=216864 23760 18144 6912 1120 416 5792 304 5488 704 11232 650 350 10582 104 300 5616 65 193104 864 432 383 10478 192240 5551 169 99792 92448 273 94017
is_linear=0
shrinkage=0.08


Tree=20
num_leaves=31
num_cat=0
split_feature=28 16 32 10 9 11 12 32 8 18 8 28 20 11 22 8 4 20 12 7 9 7 10 7 0 11 32 10 0 8
split_gain=724.929 21.5164 1.97957 2.56925 1.37808 0.991229 1.30017 0.965022 0.663875 0.395312 0.208899 0.600162 0.394216 0.223638 1.05625 0.0145131 0.0379865 0.0106961 0.105483 0.0801107 0.0193287 0.00562182 0.00496587 0.000927226 0.00460905 0.00066982 0.000471566 0.00018879 0.000164007 0.000159936
threshold=73.387500000000003 6.6000000000000005 89.750000000000014 1.0000000180025095e-35 1.0000000180025095e-35 1.0000000180025095e-35 634.00000000000011 87.200000000000017 1.0000000180025095e-35 2.1735000000000007 1.0000000180025095e-35 93.096250000000012 844.00000000000011 1.0000000180025095e-35 207.50000000000003 1.0000000180025095e-35 37.500000000000007 1047.5000000000002 351.00000000000006 0.82500000000000007 1.5000000000000002 0.83500000000000008 1.0000000180025095e-35 0.79500000000000015 28.500000000000004 1.0000000180025095e-35 59.800000000000011 1.0000000180025095e-35 25.500000000000004 1.0000000180025095e-35
decision_type=2 2 2 2 2 2 2 2 2 2 2 2 2 2 2 2 2 2 2 2 2 2 2 2 2 2 2 2 2 2
left_child=17 15 3 4 7 6 -5 -3 -7 -6 11 12 -4 14 -12 16 -2 25 -19 -20 28 -13 -15 24 -17 27 29 -1 -21 -27
right_child=1 2 10 5 9 8 -8 -9 -10 -11 13 21 -14 22 -16 23 -18 18 19 20 -22 -23 -24 -25 -26 26 -28 -29 -30 -31
leaf_value=-0.082604197932580448 0.019795861256209853 0.010991266655059449 -0.0059484040736858847 -0.0086130391672084305 0.078471938210932277 0.009898900326157499 0.083181328992586276 -0.09686415606057111 0.0816880544927098 -0.0037726998402971396 0.046101214359484707 0.084143047548586106 0.063291455989551951 0.082533915979697614 0.08527902259380736 -0.048620594476190222 -0.083064672865024752 -0.081966459476758888 -0.082523514041909371 0.20271868765800097 -0.084754121553343484 0.09162114119324119 0.081678324393629431 -0.081947450174670033 -0.082256659797073597 -0.082396541288049727 -0.081815989964563893 -0.082043229168573151 0.18462968499274748 -0.081618638512714448
leaf_weight=5.0562665296019995 0.032754066371125101 4.9428040903294441 0.94187611714005415 2.0327401603572097 2.58478696923703 0.85439453972503798 1.920555002987385 0.59481682954356063 23.499567806720734 0.43730907887220372 6.359993793070319 0.99457897990942012 1.1926294546574352 52.087626383639872 14.321910920552908 0.032067084564914583 0.076985754480119795 0.33201951306546007 0.014123532513622195 0.0040960703045129767 0.0018152392003685227 1.822107957676053 260.76004961505532 5.1559901910368353 0.13946753047639504 1.7074483056785528 153.63904061220819 15.956204518384766 0.014792909729294479 181.29302538686898
leaf_count=2670 26 338 35 209 352 48 95 78 5440 352 312 22 40 1638 312 39 39 432 49 27 110 33 8840 5382 130 880 91575 8455 246 88660
internal_value=-3.3988e-10 0.0768398 0.0791286 0.0615248 0.0231193 0.0731381 0.0359817 -0.000593893 0.0791695 0.0665708 0.081046 0.0647341 0.0327385 0.0812881 0.0732313 -0.0811617 -0.0523639 -0.081726 -0.0680727 0.0643793 0.16459 0.0889806 0.0818208 -0.0817549 -0.0759687 -0.08174 -0.0817127 -0.0821782 0.188552 -0.0816259
internal_weight=738.804 380.785 375.348 36.867 8.55972 28.3073 3.9533 5.53762 24.354 3.0221 338.481 4.95119 2.13451 333.53 20.6819 5.43726 0.10974 358.019 0.366847 0.0348278 0.0207042 2.81669 312.848 5.32752 0.171535 357.652 336.64 21.0125 0.018889 183
internal_count=216864 23760 18144 6912 1120 5792 304 416 5488 704 11232 130 75 11102 624 5616 65 193104 864 432 383 55 10478 5551 169 192240 181115 11125 273 89540
is_linear=0
shrinkage=0.08


Tree=21
num_leaves=31
num_cat=0
split_feature=28 16 32 10 9 11 12 32 8 20 18 11 22 10 8 28 11 8 7 31 1 2 10 7 0 11 32 8 10 0
split_gain=640.039 18.9506 2.02207 2.45738 1.22826 0.971086 1.26436 0.775135 0.692474 0.407795 0.359289 0.246236 1.05225 0.863889 0.232092 0.565219 0.0955291 0.0187509 0.0476413 0.0182134 0.00539205 0.0103837 0.00432406 0.00111324 0.00524585 0.000583838 0.000303215 0.000146075 0.000141267 0.000137218
threshold=73.387500000000003 6.6000000000000005 89.750000000000014 1.0000000180025095e-35 1.0000000180025095e-35 1.0000000180025095e-35 634.00000000000011 87.200000000000017 1.0000000180025095e-35 1201.0000000000002 2.1735000000000007 1.0000000180025095e-35 207.50000000000003 1.0000000180025095e-35 1.0000000180025095e-35 93.096250000000012 1.0000000180025095e-35 1.0000000180025095e-35 0.93500000000000016 98.965000000000018 58.70000000000001 158.74800000000002 1.0000000180025095e-35 0.79500000000000015 28.500000000000004 1.0000000180025095e-35 62.100000000000009 1.0000000180025095e-35 1.0000000180025095e-35 25.500000000000004
decision_type=2 2 2 2 2 2 2 2 2 2 2 2 2 2 2 2 2 2 2 2 2 2 2 2 2 2 2 2 2 2
left_child=9 17 3 4 7 6 -5 -3 -7 25 -6 12 13 -4 15 -13 -11 18 -2 -14 29 -22 -16 24 -19 28 27 -27 -1 -18
right_child=1 2 11 5 10 8 -8 -9 -10 16 -12 14 19 -15 22 -17 20 23 -20 -21 21 -23 -24 -25 -26 26 -28 -29 -30 -31
leaf_value=-0.082305519973579988 -0.082712068986708492 0.0092436941667357695 0.0062720177304492961 -0.012688541265132764 0.077442371684322359 0.0067578708101270835 0.082931442964369356 -0.094094877836840535 0.081433596927371621 -0.082195263962480308 -0.0024954634165543399 0.02888115596826614 0.074759152755093219 0.067649183228829651 0.082270799612671905 0.08994361268001827 0.17937140232325527 -0.044592923899760564 0.03754501957369627 0.085610070063187979 0.16652249567121213 -0.084039105910928738 0.08142529819518296 -0.081661624197254284 -0.081959645716501744 -0.08214188540263688 -0.081553082439319233 -0.081383279438675626 -0.081795152923085535 0.16767200983765315
leaf_weight=4.5728803640231499 0.069919701898469522 4.8495047067990509 2.3177820094861099 1.8351696738973287 2.3270970144658354 0.82620496023446577 1.7093795407563448 0.5137651516124605 20.867818997241557 0.012663910398259759 0.42567188985412929 1.7923930333927267 1.0764866257086385 4.0014133788645285 46.478079313412309 2.1149076502770185 0.0075656534172584547 0.029784780570480396 0.030185557610820979 12.323452739045022 0.0030497368425130835 0.0016212565824389458 231.67458165995777 4.591471366060432 0.12477531784679741 1.6402874275227066 129.08150976424804 168.95312307571294 14.404985463595949 0.042223195545375347
leaf_count=2676 39 338 78 209 352 48 95 78 5440 25 352 60 50 247 1638 44 25 39 26 275 130 96 8840 5382 130 924 87505 93093 8474 156
internal_value=1.17679e-09 0.0763532 0.0786245 0.0599329 0.0216409 0.0722466 0.0334248 -0.000655445 0.0785896 -0.0814463 0.0650813 0.0806904 0.0720477 0.045137 0.0812946 0.0619325 0.115718 -0.0807141 -0.04645 0.0847384 0.16174 0.079555 0.0815666 -0.0814368 -0.0747588 -0.0814878 -0.0814606 -0.0813906 -0.0819181 0.16945
internal_weight=658.7 339.98 335.134 33.3546 8.11604 25.2386 3.54455 5.36327 21.694 318.72 2.75277 301.779 19.7191 6.3192 282.06 3.9073 0.0671238 4.84614 0.100105 13.3999 0.0544598 0.00467099 278.153 4.74603 0.15456 318.653 299.675 170.593 18.9779 0.0497888
internal_count=216864 23760 18144 6912 1120 5792 304 416 5488 193104 704 11232 650 325 10582 104 432 5616 65 325 407 226 10478 5551 169 192672 181522 94017 11150 181
is_linear=0
shrinkage=0.08


Tree=22
num_leaves=31
num_cat=0
split_feature=28 16 20 32 10 9 11 28 8 8 18 11 22 10 8 28 8 7 31 7 5 4 10 7 0 11 6 0 8 10
split_gain=558.133 16.6058 5.04071 2.14412 2.71034 1.38475 0.943221 1.22631 0.795243 0.781282 0.479822 0.270792 1.03684 0.722551 0.277693 0.605895 0.0238803 0.0541015 0.021382 0.00562961 0.00825265 0.00554506 0.00380816 0.00140743 0.00625058 0.00048868 0.000240144 0.00038168 0.000238363 0.000231476
threshold=73.387500000000003 6.6000000000000005 1201.0000000000002 89.750000000000014 1.0000000180025095e-35 1.0000000180025095e-35 1.0000000180025095e-35 82.612500000000011 1.5000000000000002 1.0000000180025095e-35 2.1735000000000007 1.0000000180025095e-35 207.50000000000003 1.0000000180025095e-35 1.0000000180025095e-35 79.857500000000016 1.0000000180025095e-35 0.93500000000000016 98.965000000000018 0.83500000000000008 2.2500000000000004 36.500000000000007 1.0000000180025095e-35 0.79500000000000015 28.500000000000004 1.0000000180025095e-35 21.635000000000002 30.500000000000004 1.0000000180025095e-35 1.0000000180025095e-35
decision_type=2 2 2 2 2 2 2 2 2 2 2 2 2 2 2 2 2 2 2 2 2 2 2 2 2 2 2 2 2 2
left_child=2 16 25 4 5 8 7 -6 -3 -8 -7 12 13 -5 15 -13 17 -2 -14 21 -21 -4 -16 24 -18 -1 -22 -28 -27 -30
right_child=1 3 19 11 6 10 9 -9 -10 -11 -12 14 18 -15 22 -17 23 -19 -20 20 26 -23 -24 -25 -26 28 27 -29 29 -31
leaf_value=-0.081692447803960636 -0.082400691230407483 -0.02325773100332473 0.089444152489584955 0.0077017636982237292 -0.031741294338963291 0.076555513135755787 -0.001845223092195733 0.070314976327749634 0.080351231173480184 0.08121808465327536 -0.02996661226490584 -0.0043709164695971622 0.073632927056397679 0.06522449469502517 0.082054809809863516 0.075891526338632581 -0.03921017837528426 0.048664880299149969 0.085372263144084318 0.11983619475682518 0.090645508564203559 0.049937576172222428 0.081211043802598373 -0.081426292064767078 -0.081703759375980636 -0.08199342882309546 0.085148821797469729 0.089868561593345039 -0.081413057192357599 -0.081209378312569552
leaf_weight=17.018343716394156 0.062260123027953251 4.0955532882362631 0.047312666836659356 2.2434267778880903 1.2277156324125891 2.1414251001551752 0.75440121302381058 1.9509793799370525 0.53618757892400015 18.419230728410184 0.3097828255558851 0.76146300230175201 1.0912679061293591 3.7066180007532257 41.112509937025607 2.8732713833451271 0.027668125825584755 0.029805836034938693 11.025018304586409 0.060643419623374717 0.48923481628298759 0.043775733734946698 204.5950132869184 4.0683331409236416 0.11116395576391369 2.7333176878164513 0.17463215754833072 0.2947351410984993 42.638359595148358 219.77828856417909
leaf_count=11150 39 368 15 78 190 352 48 114 48 5440 352 28 50 247 1638 76 39 26 275 268 21 60 8840 5382 130 1784 34 34 28098 151640
internal_value=-9.48662e-10 0.0758257 -0.0806075 0.0780865 0.0575935 0.0144692 0.0712586 0.0308975 -0.0112636 0.0779499 0.0630933 0.0803422 0.0708846 0.0435359 0.0810275 0.0590769 -0.080274 -0.039969 0.0843149 0.0895129 0.0912159 0.0704579 0.0813522 -0.081156 -0.0732351 -0.0812769 0.0894053 0.0881125 -0.0812502 -0.0812425
internal_weight=584.422 301.143 283.279 296.844 29.4353 7.08295 22.3523 3.1787 4.63174 19.1736 2.45121 267.409 18.0663 5.95004 249.342 3.63473 4.29923 0.092066 12.1163 1.11033 1.01925 0.0910884 245.708 4.20717 0.138832 282.168 0.958602 0.469367 265.15 262.417
internal_count=216864 23760 193104 18144 6912 1120 5792 304 416 5488 704 11232 650 325 10582 104 5616 65 325 432 357 75 10478 5551 169 192672 89 68 181522 179738
is_linear=0
shrinkage=0.08


Tree=23
num_leaves=31
num_cat=0
split_feature=28 16 20 32 10 9 11 28 8 8 18 11 22 10 8 28 21 8 0 7 6 10 7 0 7 11 8 10 9 1
split_gain=488.626 14.4958 3.99703 2.0383 2.33009 1.11835 1.00502 1.43308 0.668918 0.626047 0.451209 0.290311 0.981134 0.636106 0.297932 0.599669 0.0399972 0.0285284 0.0603085 0.00497695 0.00519099 0.0031047 0.001799 0.00760445 0.000734184 0.000395521 0.000214194 0.000196736 0.000380444 0.000177754
threshold=73.387500000000003 6.6000000000000005 1201.0000000000002 89.750000000000014 1.0000000180025095e-35 1.0000000180025095e-35 1.0000000180025095e-35 82.612500000000011 1.0000000180025095e-35 1.5000000000000002 2.1735000000000007 1.0000000180025095e-35 207.50000000000003 1.0000000180025095e-35 1.0000000180025095e-35 93.096250000000012 100.00000000000001 1.0000000180025095e-35 27.500000000000004 0.83500000000000008 25.340000000000003 1.0000000180025095e-35 0.79500000000000015 28.500000000000004 0.84500000000000008 1.0000000180025095e-35 1.0000000180025095e-35 1.0000000180025095e-35 1.0000000180025095e-35 58.050000000000004
decision_type=2 2 2 2 2 2 2 2 2 2 2 2 2 2 2 2 2 2 2 2 2 2 2 2 2 2 2 2 2 2
left_child=2 17 25 4 5 9 7 -6 -8 -3 -7 12 13 -5 15 -13 -14 18 -2 20 -4 -16 23 -19 -21 -1 -27 28 -28 -26
right_child=1 3 19 11 6 10 8 -9 -10 -11 -12 14 16 -15 21 -17 -18 22 -20 24 -22 -23 -24 -25 29 26 27 -29 -30 -31
leaf_value=-0.08149011915784822 -0.082246189424007479 -0.018465214999633599 0.051529357843192847 0.0089227770050544601 -0.053120961974933253 0.075362916525212584 0.0035958513998071303 0.068080619922999991 0.081035486460538722 0.078722398358169757 -0.035268502605189996 0.022633905712054831 0.064597163684028361 0.063950680106105023 0.081840382248832513 0.089969769107815123 0.085116409306723137 -0.032700826539464635 0.057911946045500859 0.09252020179744945 0.09258841443736493 0.081029489180625455 -0.081219241899395223 -0.081503489382810615 0.08625072865907582 -0.081806098220248216 -0.081550954915546495 -0.081028066475210089 -0.081028040222114905 0.082238669096123471
leaf_weight=15.182100728445219 0.057941699109505307 3.9176558586768833 0.0541110826889043 2.1770971999503681 0.96439095074311554 1.9361921204254033 0.74686939641833205 1.7707856269553301 16.162644079420716 0.47570220823399711 0.26868038912652981 1.6460956903174513 0.64638814330100913 3.5152697404846567 36.330603808164597 1.7424232289195059 10.231157677248119 0.025732751822943434 0.029729537520324811 0.12196658551692963 0.030994389206171036 179.62003341550007 3.5815956963342614 0.099243499804288149 0.64516275376081467 2.4941374584450378 14.410757452656979 192.9390945804189 23.30443607509369 0.079369585262611508
leaf_count=11150 39 368 49 78 190 352 48 114 5440 48 352 60 25 247 1638 44 300 39 26 28 26 8840 5382 130 146 1784 10258 151640 17840 183
internal_value=1.56374e-09 0.0754255 -0.080474 0.0776724 0.0565223 0.0153904 0.0703376 0.0253464 0.0776151 -0.00794197 0.0618816 0.0800252 0.0698147 0.0429048 0.0807966 0.0572589 0.0838971 -0.0798232 -0.0347182 0.0849238 0.0664826 0.0811659 -0.08089 -0.071455 0.0867779 -0.0810945 -0.0810687 -0.0810607 -0.0812278 0.0858112
internal_weight=515.208 265.946 249.262 262.152 26.2429 6.59823 19.6447 2.73518 16.9095 4.39336 2.20487 235.909 16.5699 5.69237 219.339 3.38852 10.8775 3.79424 0.0876712 0.931604 0.0851055 215.951 3.70657 0.124976 0.846499 248.331 233.148 230.654 37.7152 0.724532
internal_count=216864 23760 193104 18144 6912 1120 5792 304 5488 416 704 11232 650 325 10582 104 325 5616 65 432 75 10478 5551 169 357 192672 181522 179738 28098 329
is_linear=0
shrinkage=0.08


Tree=24
num_leaves=31
num_cat=0
split_feature=28 16 20 32 10 9 11 28 8 0 18 11 21 10 8 28 8 2 10 7 4 10 7 0 7 11 1 1 8 10
split_gain=425.21 12.5729 3.38798 1.96118 2.08161 0.930732 0.911786 1.29274 0.719535 0.547308 0.383482 0.340273 1.0165 0.615777 0.27836 0.520554 0.0348461 0.0725858 0.0125888 0.0068321 0.0063641 0.00256595 0.00225533 0.00896797 0.000658551 0.000309094 0.000197863 0.000314051 0.000175979 0.000169309
threshold=73.387500000000003 6.6000000000000005 1201.0000000000002 89.750000000000014 1.0000000180025095e-35 1.0000000180025095e-35 1.0000000180025095e-35 89.157500000000013 1.0000000180025095e-35 25.500000000000004 2.1735000000000007 1.0000000180025095e-35 146.50000000000003 1.0000000180025095e-35 1.0000000180025095e-35 93.096250000000012 1.0000000180025095e-35 158.74800000000002 1.0000000180025095e-35 0.83500000000000008 36.500000000000007 1.0000000180025095e-35 0.79500000000000015 28.500000000000004 0.84500000000000008 1.0000000180025095e-35 58.050000000000004 58.70000000000001 1.0000000180025095e-35 1.0000000180025095e-35
decision_type=2 2 2 2 2 2 2 2 2 2 2 2 2 2 2 2 2 2 2 2 2 2 2 2 2 2 2 2 2 2
left_child=2 16 25 4 5 9 7 -6 -8 -3 -7 12 13 -5 15 -13 17 -2 -14 20 -4 -16 23 -18 -21 -1 -26 -28 -27 -30
right_child=1 3 19 11 6 10 8 -9 -10 -11 -12 14 18 -15 21 -17 22 -19 -20 24 -22 -23 -24 -25 26 28 27 -29 29 -31
leaf_value=-0.081310499249681062 -0.082280367758050185 0.083643744303324233 0.082743349556490584 0.0094754936044599922 -0.033681962327929041 0.07403100766792578 -0.0039337444336162812 0.082521879300296544 0.080880552579215712 -0.015432749748407706 -0.031135040414068445 0.024890500429675333 0.089721808135160439 0.062505726556141866 0.081662308379423121 0.08971857867494612 -0.026167005029441054 0.075177699432395911 0.083104100120055244 0.091375286248230797 0.036263166868363811 0.08087545064233384 -0.081043572401036088 -0.081329437073343266 0.085063631236771201 -0.081617260248785614 0.085711198443996772 0.07491194114725909 -0.081071992352293662 -0.080874247683712999
leaf_weight=13.457832458778283 0.054528255830518346 0.39401181414723652 0.039001146738882109 2.2542161121964446 1.2270436856488278 1.7255674675107 0.67061012727208158 1.2237654998898504 14.102001945022492 3.7821200334001333 0.2546577748726121 1.595127212814986 2.5649824691936374 3.7041295783128589 31.924193938262761 1.5758671537041662 0.024020722074056144 0.02854615417891182 6.5063253091648203 0.10622836649417877 0.03649421309819445 156.79525563493371 3.1353932477941271 0.087827527255285531 0.55714693665504456 2.2561884640017515 0.035875771194696426 0.033167403191328049 33.168473962345161 168.41282883082749
leaf_count=11150 39 48 15 84 209 352 48 95 5440 368 352 60 72 266 1638 44 39 26 228 28 60 8840 5382 130 146 1784 2 181 28098 151640
internal_value=-1.26259e-09 0.0749924 -0.0803312 0.0772241 0.0552615 0.0153345 0.0695331 0.0243422 0.0770304 -0.00608503 0.0605066 0.0797057 0.0681138 0.0424428 0.0806136 0.0571077 -0.0793365 -0.0281744 0.0849753 0.0831891 0.060275 0.0810086 -0.0806454 -0.0694827 0.0855511 -0.0809392 0.084563 0.0805234 -0.0809146 -0.0809068
internal_weight=451.733 233.63 218.103 230.3 23.3798 6.15636 17.2234 2.45081 14.7726 4.17613 1.98023 206.92 15.0297 5.95835 191.89 3.17099 3.33032 0.0830744 9.07131 0.807914 0.0754954 188.719 3.24724 0.111848 0.732418 217.295 0.62619 0.0690432 203.837 201.581
internal_count=216864 23760 193104 18144 6912 1120 5792 304 5488 416 704 11232 650 350 10582 104 5616 65 300 432 75 10478 5551 169 357 192672 329 183 181522 179738
is_linear=0
shrinkage=0.08


Tree=25
num_leaves=31
num_cat=0
split_feature=28 16 20 32 10 11 28 9 8 28 11 21 10 18 8 28 8 4 10 7 4 7 0 10 7 11 1 1 8 10
split_gain=368.174 10.8176 2.88792 1.89093 1.84134 0.895368 1.51775 0.791678 0.698403 0.472183 0.386826 1.01764 0.543532 0.326059 0.281356 0.482489 0.0416307 0.0805494 0.0103327 0.0075308 0.00606739 0.00565601 0.0201192 0.00213852 0.000441751 0.00025115 0.000230528 0.000332606 0.000150659 0.000142566
threshold=73.387500000000003 6.6000000000000005 1201.0000000000002 89.750000000000014 1.0000000180025095e-35 1.0000000180025095e-35 82.612500000000011 1.0000000180025095e-35 1.0000000180025095e-35 79.41500000000002 1.0000000180025095e-35 146.50000000000003 1.0000000180025095e-35 2.1735000000000007 1.0000000180025095e-35 93.096250000000012 1.0000000180025095e-35 37.500000000000007 1.0000000180025095e-35 0.83500000000000008 36.500000000000007 0.79500000000000015 28.500000000000004 1.0000000180025095e-35 0.84500000000000008 1.0000000180025095e-35 58.050000000000004 58.70000000000001 1.0000000180025095e-35 1.0000000180025095e-35
decision_type=2 2 2 2 2 2 2 2 2 2 2 2 2 2 2 2 2 2 2 2 2 2 2 2 2 2 2 2 2 2
left_child=2 16 25 4 7 6 -6 9 -7 -3 11 12 -5 -9 15 -12 17 -2 -13 20 -4 22 -18 -16 -21 -1 -26 -28 -27 -30
right_child=1 3 19 10 5 8 -8 13 -10 -11 14 18 -14 -15 23 -17 21 -19 -20 24 -22 -23 -24 -25 26 28 27 -29 29 -31
leaf_value=-0.081163699108200357 0.085610556966699211 0.027543509136334642 0.080734108857030112 0.009186004201395483 -0.082433994914715814 -0.0050941253736212708 0.06556391551234611 0.073069512336972245 0.080749038213165217 -0.028372926083615965 0.024734055770336331 0.089349398222924939 0.060094150286848634 -0.027180416457186687 0.08151334332860273 0.089532543290071889 0.0036896772494742981 -0.081876004574763683 0.082982518337863562 0.089762156495219833 0.033123067186527216 -0.080894227123373977 -0.081183951629623344 0.080744702656875431 0.084305639570166124 -0.081467115828341097 0.08482206454370575 0.072914720527950977 -0.080937814426456325 -0.080743676739591874
leaf_weight=11.882654036919119 0.02870712307048906 1.6800022548995923 0.033888613048474236 2.1814790633507064 0.64127495617867625 0.63819334795698601 1.4377529947087166 1.5431436556391416 12.237642289139329 2.2758266873424873 1.5275601353496306 2.2796153724193573 3.4889615266729379 0.2399217243073507 27.916388564743102 1.4181954478844998 0.023242819952429605 0.051071718975435942 5.7362980321049672 0.090454429388046265 0.03464109794003889 2.7296410963463131 0.077398061926942319 136.12921693595126 0.48200802318751812 2.0411746236495665 0.0309800636023283 0.029130668379366398 29.012895285210107 146.20813255407847
leaf_count=11150 26 78 15 84 190 48 114 352 5440 338 60 72 266 352 1638 44 39 39 228 28 60 5382 130 8840 146 1784 2 181 28098 151640
internal_value=-7.45662e-10 0.0745391 -0.0802069 0.0767522 0.0538455 0.0686284 0.019914 0.015323 0.0764942 -0.00462576 0.0793757 0.0664457 0.0405092 0.0595803 0.0804355 0.0559304 -0.0786011 -0.0216087 0.0847932 0.0818576 0.0566672 -0.0802075 -0.0615825 0.0808755 0.0845866 -0.0808076 0.0837231 0.0790516 -0.0807838 -0.0807758
internal_weight=394.127 204.282 189.846 201.371 20.6938 14.9549 2.07903 5.73889 12.8758 3.95583 180.678 13.6864 5.67044 1.78307 166.991 2.94576 2.91006 0.0797788 8.01591 0.701103 0.0685297 2.83028 0.100641 164.046 0.632573 189.145 0.542119 0.0601107 177.262 175.221
internal_count=216864 23760 193104 18144 6912 5792 304 1120 5488 416 11232 650 350 704 10582 104 5616 65 300 432 75 5551 169 10478 357 192672 329 183 181522 179738
is_linear=0
shrinkage=0.08


Tree=26
num_leaves=31
num_cat=0
split_feature=28 16 20 32 10 11 28 9 8 4 11 28 8 8 28 17 12 8 2 7 6 7 0 10 7 1 0 10 9 8
split_gain=317.243 9.29136 2.63872 1.81893 1.69084 0.796523 1.32107 0.672642 0.660679 0.432266 0.407353 1.00833 0.401613 0.296453 0.462521 0.291519 0.285124 0.0499575 0.0887581 0.00765505 0.00689475 0.00515018 0.0167345 0.00182759 0.000572062 0.000311163 0.000326667 0.000201008 0.000287608 0.000134099
threshold=73.387500000000003 6.6000000000000005 1201.0000000000002 89.750000000000014 1.0000000180025095e-35 1.0000000180025095e-35 82.612500000000011 1.0000000180025095e-35 1.0000000180025095e-35 38.500000000000007 1.0000000180025095e-35 79.857500000000016 1.5000000000000002 1.0000000180025095e-35 93.096250000000012 27.500000000000004 560.00000000000011 1.0000000180025095e-35 158.74800000000002 0.83500000000000008 25.340000000000003 0.79500000000000015 28.500000000000004 1.0000000180025095e-35 0.84500000000000008 58.70000000000001 29.500000000000004 1.0000000180025095e-35 1.0000000180025095e-35 1.0000000180025095e-35
decision_type=2 2 2 2 2 2 2 2 2 2 2 2 2 2 2 2 2 2 2 2 2 2 2 2 2 2 2 2 2 2
left_child=2 17 27 4 7 6 -6 9 -7 -3 11 12 -5 14 -12 -13 -9 18 -2 20 -4 22 -19 -15 -21 -26 -27 28 -1 -29
right_child=1 3 19 10 5 8 -8 16 -10 -11 13 15 -14 23 -16 -17 -18 21 -20 24 -22 -23 -24 -25 25 26 -28 29 -30 -31
leaf_value=-0.081198904389183063 -0.082043762570021189 -0.012985619245040712 0.034990378669919719 0.0055649088734713546 -0.086014283348786538 -0.0049888646866934607 0.062876699677431203 -0.080145918249341475 0.080637341037607377 0.082945987881046263 0.023387884231755668 0.086118628868407487 0.081523878504105626 0.081395738022769518 0.089358887611442381 0.055564106002830627 0.065959589495314733 -0.0012762835325481029 0.095173441601774128 0.090251096966319 0.089096994504902535 -0.080767615196993284 -0.081056785284949043 0.080633644152577733 0.08375815228664206 0.070775043959368247 0.082843455763371029 -0.081318362976276259 -0.080679870848571922 -0.080645618293050725
leaf_weight=11.454087493621047 0.047439189685973715 3.3679109734948738 0.040697743883355453 2.1074721227341793 0.5400320550907044 0.61000440234784115 1.2982785515487192 0.090619198133936041 10.565930256154386 0.33007477410137642 1.4580028792843216 6.8133652596734446 0.56488858209922899 24.301305499859154 1.2748698098585007 2.8279317300766706 1.5082384371198712 0.022363961019437162 0.029233371547888964 0.081782311201095581 0.023939073085784912 2.3649469150113873 0.067959661624627188 117.58521717926487 0.4425788689404726 0.025610810378566384 0.032659493386745453 1.9236012029577967 16.934646994865034 133.5614584669238
leaf_count=11596 39 368 49 126 190 48 114 264 5440 48 60 275 49 1638 44 200 440 39 26 28 26 5382 130 8840 148 76 105 1784 19624 159668
internal_value=-9.72251e-10 0.0740898 -0.080059 0.0762881 0.0524278 0.0679368 0.0191377 0.0143225 0.0759637 -0.00442296 0.0790722 0.065104 0.0216213 0.0802615 0.054163 0.0771565 0.0576787 -0.0780658 -0.0144752 0.0811498 0.0550295 -0.0800516 -0.0613033 0.0807642 0.0840476 0.0830346 0.0775392 -0.0806957 -0.0808893 -0.0806552
internal_weight=342.297 177.776 164.521 175.244 18.3111 13.0142 1.83831 5.29684 11.1759 3.69799 156.933 12.3137 2.67236 144.619 2.73287 9.6413 1.59886 2.53194 0.0766726 0.647268 0.0646368 2.45527 0.0903236 141.887 0.582631 0.500849 0.0582703 163.874 28.3887 135.485
internal_count=216864 23760 193104 18144 6912 5792 304 1120 5488 416 11232 650 175 10582 104 475 704 5616 65 432 75 5551 169 10478 357 329 181 192672 31220 161452
is_linear=0
shrinkage=0.08


Tree=27
num_leaves=31
num_cat=0
split_feature=28 16 20 32 10 11 13 8 9 32 11 28 8 8 28 18 17 8 0 7 6 7 0 10 7 1 0 10 9 8
split_gain=272.454 7.93519 2.28738 1.77175 1.53166 0.694509 1.10557 0.691624 0.539767 0.392211 0.381801 0.960978 0.345091 0.297903 0.420076 0.253152 0.22283 0.0593532 0.10116 0.00674855 0.00898271 0.00639596 0.0188868 0.00151895 0.000493951 0.000344229 0.000386199 0.000170174 0.000242625 0.000112937
threshold=73.387500000000003 6.6000000000000005 1201.0000000000002 89.750000000000014 1.0000000180025095e-35 1.0000000180025095e-35 16.700000000000003 1.0000000180025095e-35 1.0000000180025095e-35 87.200000000000017 1.0000000180025095e-35 79.857500000000016 1.5000000000000002 1.0000000180025095e-35 93.096250000000012 2.1735000000000007 27.500000000000004 1.0000000180025095e-35 27.500000000000004 0.83500000000000008 25.340000000000003 0.79500000000000015 28.500000000000004 1.0000000180025095e-35 0.84500000000000008 58.70000000000001 29.500000000000004 1.0000000180025095e-35 1.0000000180025095e-35 1.0000000180025095e-35
decision_type=2 2 2 2 2 2 2 2 2 2 2 2 2 2 2 2 2 2 2 2 2 2 2 2 2 2 2 2 2 2
left_child=2 17 27 4 8 6 -6 -7 9 -3 11 12 -5 14 -12 -10 -13 18 -2 20 -4 22 -19 -15 -21 -26 -27 28 -1 -29
right_child=1 3 19 10 5 7 -8 -9 15 -11 13 16 -14 23 -16 -17 -18 21 -20 24 -22 -23 -24 -25 25 26 -28 29 -30 -31
leaf_value=-0.081093189687613892 -0.081737799310576731 0.0051397796167122365 0.031345511136318976 0.0061518612031798026 0.082212694424866228 -0.011714542025303682 -0.049473577334799894 0.080542413722499276 0.068846369060704321 -0.087445060179393422 0.024082890287319005 0.085433708507621109 0.081302192108541574 0.081286111968504604 0.089201716391740002 -0.027488741222674924 0.056534102712195264 0.006468939946122295 0.10989583016271207 0.089710734168804082 0.092208871854346453 -0.080660983261101646 -0.080945293108711083 0.080539249160108378 0.083313547678864147 0.068517228943831332 0.082415519316948987 -0.081202722468734112 -0.080583346056464208 -0.080551052620520494
leaf_weight=10.104880094557302 0.045167158445109989 3.1605537513969479 0.038334464305079474 2.0028998931520614 0.84809621749445685 0.55165519966976795 0.78633095863187918 9.0797953652217966 1.2186315571889279 0.32273506664205331 1.4215959617868059 6.1123020783998054 0.48594987113028754 21.058354032691568 1.1443821741268037 0.20377064487547603 2.3694665762595832 0.021528094039240719 0.028916490206029266 0.070258220657706261 0.026076158508658409 2.0402361410378944 0.059647798480000347 101.08722993545234 0.38051054999232292 0.022621376905590296 0.029459893703460693 1.7275865788105864 14.611483480723109 114.93560169363627
leaf_count=11596 39 338 49 126 95 48 209 5440 352 78 60 275 49 1638 44 352 200 39 26 28 26 5382 130 8840 148 76 105 1784 19624 159668
internal_value=-2.36833e-09 0.0736762 -0.0799578 0.0758594 0.0508292 0.0670758 0.0188578 0.0752583 0.013519 -0.00343843 0.0788426 0.0645344 0.020825 0.0801013 0.0531248 0.0550456 0.0773603 -0.0773267 -0.00693895 0.0803662 0.0559856 -0.0797848 -0.0577628 0.080668 0.0834891 0.0824787 0.0763788 -0.0806011 -0.0807918 -0.0805607
internal_weight=295.996 154.049 141.947 151.854 16.1716 11.2659 1.63443 9.63145 4.90569 3.48329 135.682 10.9706 2.48885 124.712 2.56598 1.4224 8.48177 2.1955 0.0740836 0.567261 0.0644106 2.12141 0.0811759 122.146 0.50285 0.432592 0.0520813 141.38 24.7164 116.663
internal_count=216864 23760 193104 18144 6912 5792 304 5488 1120 416 11232 650 175 10582 104 704 475 5616 65 432 75 5551 169 10478 357 329 181 192672 31220 161452
is_linear=0
shrinkage=0.08


Tree=28
num_leaves=31
num_cat=0
split_feature=28 16 20 32 10 7 18 9 11 21 10 28 8 28 18 8 4 10 7 0 7 6 10 7 1 2 10 9 8 7
split_gain=232.898 6.74251 2.07009 1.69565 1.39799 0.586427 0.749186 0.451526 0.389115 0.900514 0.415654 0.324445 0.305044 0.390459 0.206094 0.066846 0.103122 0.00881328 0.00780093 0.0207336 0.00696481 0.00940369 0.00130081 0.000525961 0.00027312 0.000572215 0.000141613 0.000198791 9.55849e-05 5.35194e-05
threshold=73.387500000000003 6.6000000000000005 1201.0000000000002 89.750000000000014 1.0000000180025095e-35 0.84500000000000008 2.1735000000000007 1.0000000180025095e-35 1.0000000180025095e-35 146.50000000000003 1.0000000180025095e-35 79.41500000000002 1.0000000180025095e-35 93.096250000000012 2.1735000000000007 1.0000000180025095e-35 37.500000000000007 1.0000000180025095e-35 0.79500000000000015 28.500000000000004 0.83500000000000008 25.340000000000003 1.0000000180025095e-35 0.84500000000000008 58.70000000000001 167.67000000000002 1.0000000180025095e-35 1.0000000180025095e-35 1.0000000180025095e-35 0.82500000000000007
decision_type=2 2 2 2 2 2 2 2 2 2 2 2 2 2 2 2 2 2 2 2 2 2 2 2 2 2 2 2 2 2
left_child=2 15 26 4 7 6 -6 11 9 10 -5 -3 13 -10 -9 16 -2 -11 19 -17 21 -4 -14 -22 -25 -26 27 29 -28 -1
right_child=1 3 20 8 5 -7 -8 14 12 17 -12 -13 22 -15 -16 18 -18 -19 -20 -21 23 -23 -24 24 25 -27 28 -29 -30 -31
leaf_value=-0.081488921220078905 0.11287093208591188 0.025472363245518256 0.028197583108002387 0.0051697851748399738 0.068187875547197685 0.08048207388460045 -0.010632179375016653 0.066242506314325711 0.023779320624576331 0.089477092417687795 0.056044506512456273 -0.025639805244610434 0.081203423968429986 0.089012264491322823 -0.023939242639990869 0.013580150035995843 -0.081623148735831347 0.082557371683780523 -0.080570381206503186 -0.080852743628437737 0.089911454765989926 0.09236687872412036 0.080459023000705884 0.082961402486265365 0.065967810777635846 0.08203389389878625 -0.081104313315009766 -0.080502803133287115 -0.080471120600760296 -0.080918986649483868
leaf_weight=1.2233187096862836 0.029843270895070328 1.4066675789654246 0.036052493262103691 1.7064680946059523 2.0863777776030461 6.4184209979139268 1.2248916491080306 1.0861842776648698 1.3705184627324336 1.7086066920310257 2.5843307074392197 1.8273693043738604 18.180274886544794 1.027530377730727 0.19065147663059168 0.020835598592384375 0.042001640860689804 3.7931411894969642 1.7525949637056326 0.052059789173654281 0.062085483223199844 0.024581132456660271 86.531318699009717 0.32618339732289314 0.019875530269928277 0.049580449238419533 1.5498074468923722 12.555080393591195 98.497321257687872 7.640600004378939
leaf_count=1338 26 78 49 84 712 4368 712 352 60 72 266 338 1638 44 352 39 39 228 5382 130 28 26 8840 148 165 16 1784 19624 159668 10258
internal_value=7.13895e-10 0.0732054 -0.0798401 0.0753717 0.0493081 0.0663752 0.0390311 0.0124954 0.0785466 0.0632821 0.0358114 -0.0034082 0.0799422 0.0517307 0.052777 -0.0765249 -0.0008333 0.0847063 -0.0795038 -0.0538611 0.0796907 0.0542121 0.0805883 0.0830657 0.0819915 0.0774364 -0.0805209 -0.0807076 -0.0804809 -0.0809976
internal_weight=255.025 133.04 121.984 131.143 14.2406 9.72969 3.31127 4.51087 116.902 9.79255 4.2908 3.23404 107.11 2.39805 1.27684 1.89734 0.0718449 5.50175 1.82549 0.0728954 0.518358 0.0606336 104.712 0.457725 0.395639 0.069456 121.466 21.419 100.047 8.86392
internal_count=216864 23760 193104 18144 6912 5792 1424 1120 11232 650 350 416 10582 104 704 5616 65 300 5551 169 432 75 10478 357 329 181 192672 31220 161452 11596
is_linear=0
shrinkage=0.08


Tree=29
num_leaves=31
num_cat=0
split_feature=28 16 20 32 10 7 13 11 28 9 8 28 8 32 17 13 8 2 7 0 7 6 5 10 1 2 10 9 8 11
split_gain=198.376 5.68873 1.77718 1.66769 1.18655 0.627909 0.900143 0.412912 0.93235 0.388823 0.324077 0.392285 0.306716 0.291689 0.205916 0.18318 0.0781487 0.11596 0.00928462 0.0221253 0.00772784 0.0089253 0.00128918 0.00110802 0.000180825 0.000235648 0.000122736 0.000165223 7.03071e-05 4.61632e-05
threshold=73.387500000000003 6.6000000000000005 1201.0000000000002 89.750000000000014 1.0000000180025095e-35 0.84500000000000008 16.700000000000003 1.0000000180025095e-35 79.857500000000016 1.0000000180025095e-35 1.0000000180025095e-35 93.096250000000012 1.5000000000000002 87.200000000000017 27.500000000000004 16.700000000000003 1.0000000180025095e-35 158.74800000000002 0.79500000000000015 28.500000000000004 0.83500000000000008 25.340000000000003 2.2500000000000004 1.0000000180025095e-35 58.050000000000004 158.74800000000002 1.0000000180025095e-35 1.0000000180025095e-35 1.0000000180025095e-35 1.0000000180025095e-35
decision_type=2 2 2 2 2 2 2 2 2 2 2 2 2 2 2 2 2 2 2 2 2 2 2 2 2 2 2 2 2 2
left_child=2 16 26 4 9 6 -6 8 12 13 11 -9 -5 -3 -10 -11 17 -2 19 -18 21 -4 -22 -12 -24 -26 27 29 -28 -1
right_child=1 3 20 7 5 -7 -8 10 14 15 23 -13 -14 -15 -16 -17 18 -19 -20 -21 22 -23 24 -25 25 -27 28 -29 -30 -31
leaf_value=-0.081396531914935316 -0.081825139469546754 0.0047385312054063038 0.025318477436778623 0.00092127325033693349 0.073048513892199601 0.080416497529037109 -0.01906883748300725 0.020461748761614672 0.085241176324539522 0.082585087700624241 0.081131790624773326 0.08889571502596029 0.081009908792719174 -0.085646558484729171 0.05403433928808566 0.019401211363675439 0.019983023711855379 0.12649184324375667 -0.0804930918248246 -0.080771896232407908 0.10049136211284383 0.091602814894900339 0.082638726497197973 0.080390790001053689 0.08240960602487947 0.074324536792316223 -0.08098042381893697 -0.080435752838310379 -0.080402387282404536 -0.080840122518641699
leaf_weight=1.1140653499169273 0.039986783463972553 2.7657688704784955 0.033845054509582861 1.7276189457916173 1.5904647896531954 5.4919999456033111 1.1845330146679769 1.2670703930780285 4.7204038705676794 0.59733808226883389 15.643604422220958 0.9292506813071667 0.37192175537347782 0.24909104721155007 1.8970682891085742 0.57763179409084842 0.020168559884041204 0.029881660477258265 1.4999263262143356 0.045230945557705127 0.024710344150662422 0.02111041359603405 0.27776861749589443 74.041403754148632 0.048388549126684666 0.044096548110246658 1.3686094105360087 10.757323415600693 84.094422502705129 6.6546703185013056
leaf_count=1338 39 338 49 126 445 4368 979 60 275 220 1638 44 49 78 200 484 39 26 5382 130 268 26 42 8840 26 21 1784 19624 159668 10258
internal_value=1.00463e-09 0.072636 -0.0797657 0.0747788 0.047167 0.0647443 0.0337274 0.0781978 0.0615578 0.012485 0.0797765 0.0494158 0.0151085 -0.00272918 0.0762949 0.051523 -0.0755116 0.00726883 -0.0792066 -0.0497001 0.0788884 0.0507807 0.0827993 0.08052 0.0816186 0.0785547 -0.0804521 -0.0806388 -0.0804116 -0.0809199
internal_weight=219.129 114.69 104.439 113.055 12.4568 8.267 2.775 100.598 8.71701 4.18983 91.8813 2.19632 2.09954 3.01486 6.61747 1.17497 1.63519 0.0698684 1.56533 0.0653995 0.44992 0.0549555 0.394964 89.685 0.370254 0.0924851 103.989 18.5261 85.463 7.76874
internal_count=216864 23760 193104 18144 6912 5792 1424 11232 650 1120 10582 104 175 416 475 704 5616 65 5551 169 432 75 357 10478 89 47 192672 31220 161452 11596
is_linear=0
shrinkage=0.08


Tree=30
num_leaves=31
num_cat=0
split_feature=28 16 32 20 10 7 28 11 21 10 8 28 7 0 32 8 0 7 0 7 6 10 5 10 1 7 10 9 8 7
split_gain=168.425 4.81225 1.60978 1.54424 1.04408 0.601795 1.43914 0.41514 0.87403 0.339077 0.330482 0.367533 0.322208 0.272408 0.146895 0.0681962 0.0928252 0.0112625 0.023715 0.00866091 0.00830001 0.00673086 0.00291356 0.00094882 0.000219129 0.000283714 0.000102253 0.000135547 5.22465e-05 3.59118e-05
threshold=73.387500000000003 6.6000000000000005 89.750000000000014 1201.0000000000002 1.0000000180025095e-35 0.84500000000000008 82.612500000000011 1.0000000180025095e-35 146.50000000000003 1.0000000180025095e-35 1.0000000180025095e-35 93.096250000000012 0.91500000000000015 28.500000000000004 87.200000000000017 1.0000000180025095e-35 27.500000000000004 0.79500000000000015 28.500000000000004 0.83500000000000008 25.340000000000003 1.0000000180025095e-35 2.2500000000000004 1.0000000180025095e-35 58.050000000000004 0.88500000000000012 1.0000000180025095e-35 1.0000000180025095e-35 1.0000000180025095e-35 0.82500000000000007
decision_type=2 2 2 2 2 2 2 2 2 2 2 2 2 2 2 2 2 2 2 2 2 2 2 2 2 2 2 2 2 2
left_child=3 15 4 26 12 6 -6 8 9 -4 11 -9 13 -3 -14 16 -2 18 -17 20 -5 -10 -21 -12 -24 -26 27 29 -28 -1
right_child=1 2 7 19 5 -7 -8 10 21 -11 23 -13 14 -15 -16 17 -18 -19 -20 22 -22 -23 24 -25 25 -27 28 -29 -30 -31
leaf_value=-0.08129199803402809 -0.081524540903628526 0.079482061073487612 0.0011288629403826782 0.022871600799737348 -0.08598821576516856 0.080355062807544744 0.063170394368504135 0.019826569963452372 0.089261616495683122 0.051503051642045196 0.081073649504155673 0.088703506069204241 -0.0067485545721554146 0.015165462817660779 -0.080480181414561744 0.026759691584949914 0.10764405570946474 -0.08042769139483244 -0.080700917981352552 0.10935356556329094 0.090801231568631499 0.082471224029037296 0.082398206720093722 0.080332737969124948 0.08171109010849717 0.072107179724355139 -0.080875136951716123 -0.080376700885613703 -0.080344691583543279 -0.080771981137005927
leaf_weight=0.9963789242610791 0.036794393236049383 0.56039553268055975 1.4493135497905316 0.031692893360740437 0.52517417623312046 4.6670623584650457 1.955389344249852 1.2149999635294073 1.3862605080939827 2.0861605757963835 13.421683608554302 0.83766395924612869 1.3855028185062108 1.6999017737689426 0.1975962072610854 0.019773042458837042 0.03025039320345968 1.2795554061449363 0.039199740422191098 0.025360360741615295 0.018078221008181572 2.8651817897334695 0.23671116679906845 62.917626418173313 0.045547341927886009 0.034672138979658484 1.208445482639944 9.1757157074898696 71.575603317352943 5.7825084503565449
leaf_count=1338 39 288 84 49 890 4368 534 60 72 266 1638 44 286 480 66 39 26 5382 130 268 26 228 42 8840 17 30 1784 19624 159668 10258
internal_value=-9.97625e-10 0.0720581 0.074184 -0.0796938 0.0453511 0.0634317 0.0315912 0.0778613 0.060244 0.0308529 0.0796113 0.0479343 0.0117262 0.0311115 -0.0159514 -0.0749085 0.00382772 -0.0788523 -0.0446703 0.0787274 0.0475455 0.0846854 0.0832615 0.080463 0.0811736 0.0775601 -0.0803937 -0.0805771 -0.0803535 -0.0808484
internal_weight=187.706 98.5755 97.1699 89.1307 10.991 7.14763 2.48056 86.1789 7.78692 3.53547 78.392 2.05266 3.8434 2.2603 1.5831 1.40557 0.0670448 1.33853 0.0589728 0.392062 0.0497711 4.25144 0.342291 76.3393 0.316931 0.0802195 88.7387 15.9546 72.784 6.77889
internal_count=216864 23760 18144 193104 6912 5792 1424 11232 650 350 10582 104 1120 768 352 5616 65 5551 169 432 75 300 357 10478 89 47 192672 31220 161452 11596
is_linear=0
shrinkage=0.08


Tree=31
num_leaves=31
num_cat=0
split_feature=28 16 32 20 10 7 28 11 28 8 28 9 13 8 17 17 8 2 7 1 0 7 6 5 10 1 7 10 9 8
split_gain=142.601 4.01996 1.50247 1.33944 0.935856 0.542451 1.16388 0.426497 0.846455 0.354503 0.401366 0.285918 0.340866 0.261871 0.242855 0.193496 0.0814124 0.0978 0.0132377 0.0274525 0.154963 0.00929688 0.00759685 0.00252657 0.000812572 0.000265713 0.000358095 8.43126e-05 0.000105974 3.83174e-05
threshold=73.387500000000003 6.6000000000000005 89.750000000000014 1201.0000000000002 1.0000000180025095e-35 0.84500000000000008 82.612500000000011 1.0000000180025095e-35 79.857500000000016 1.0000000180025095e-35 79.857500000000016 1.0000000180025095e-35 16.700000000000003 1.5000000000000002 14.500000000000002 27.500000000000004 1.0000000180025095e-35 158.74800000000002 0.79500000000000015 56.70000000000001 29.500000000000004 0.83500000000000008 25.340000000000003 2.2500000000000004 1.0000000180025095e-35 58.050000000000004 0.88500000000000012 1.0000000180025095e-35 1.0000000180025095e-35 1.0000000180025095e-35
decision_type=2 2 2 2 2 2 2 2 2 2 2 2 2 2 2 2 2 2 2 2 2 2 2 2 2 2 2 2 2 2
left_child=3 16 4 27 11 6 -6 8 13 10 -9 14 -13 -4 -3 -10 17 -2 19 -18 -21 22 -5 -23 -11 -25 -27 28 -1 -29
right_child=1 2 7 21 5 -7 -8 9 15 24 -12 12 -14 -15 -16 -17 18 -19 -20 20 -22 23 -24 25 -26 26 -28 29 -30 -31
leaf_value=-0.080778122059370391 -0.08157676382559155 0.00478955988394559 -0.0020278980795129381 0.02055209154979995 -0.084676691600810511 0.080312446269593815 0.06022389811467025 -0.019971942297457926 0.085170933104351504 0.081025075551342612 0.066251432902029048 0.08213739278479204 -0.019715295184337903 0.08078782962110731 -0.082628516586211481 0.051337871403605455 -0.081282893034329187 0.11318983958832179 -0.080370494113765387 0.48844905681227502 -0.080328091014062117 0.10587868056969826 0.089716343178032024 0.082197701008086557 0.080283349802712026 0.081535099200623004 0.069895798318389504 -0.080777980937625171 -0.080329176887209294 -0.080294406997526227
leaf_weight=5.8960001230298058 0.034022349893347292 2.3515690425992952 1.5087253390229296 0.029756218020337566 0.44537426960232385 3.9857328153448179 1.7439402062445879 0.45860538445413013 3.6275854082778096 11.490212656790389 1.401184049202129 0.63772893277928222 0.31374783800856676 0.2915954734198748 0.2226442759274504 1.5416145182680336 0.034895582823082694 0.032038144010584801 1.0880605583224676 0.0038828187352919477 0.014566950369044207 0.028244754299521446 0.015436074696481228 0.20134519506245852 53.306487472727895 0.038619178347289562 0.030104069504886866 1.0671281995018933 7.8391058860288467 60.717570044420427
leaf_count=11596 39 208 126 49 890 4368 534 28 275 1638 76 220 484 49 208 200 52 26 5382 39 78 268 26 42 8840 17 30 1784 19624 159668
internal_value=2.05193e-09 0.0714583 0.0735583 -0.0796257 0.0439637 0.0627393 0.0307466 0.0774576 0.0586275 0.0794265 0.0449896 0.0110792 0.0485516 0.0113857 -0.00277125 0.0750809 -0.0734654 0.0128815 -0.0784628 -0.0395534 0.0393731 0.0779901 0.0441761 0.0831126 0.0804149 0.0807317 0.0764365 -0.0803426 -0.0805219 -0.0803028
internal_weight=160.398 84.5342 83.3267 75.8633 9.70074 6.17505 2.18931 73.626 6.96952 66.6565 1.85979 3.52569 0.951477 1.80032 2.57421 5.1692 1.20747 0.0660605 1.14141 0.0533454 0.0184498 0.343505 0.0451923 0.298313 64.7967 0.270068 0.0687232 75.5198 13.7351 61.7847
internal_count=216864 23760 18144 193104 6912 5792 1424 11232 650 10582 104 1120 704 175 416 475 5616 65 5551 169 117 432 75 357 10478 89 47 192672 31220 161452
is_linear=0
shrinkage=0.08


Tree=32
num_leaves=31
num_cat=0
split_feature=28 16 32 20 10 7 13 11 21 8 28 13 8 9 8 5 7 1 0 17 7 7 10 5 10 1 7 10 9 8
split_gain=120.506 3.32805 1.40717 1.12986 0.811855 0.501556 0.9769 0.426802 0.804266 0.353966 0.359041 0.277884 0.242332 0.212549 0.0939529 0.217738 0.0211108 0.0367957 0.156023 0.0104518 0.00954161 0.0361474 0.00471842 0.00182087 0.000702963 0.00031731 0.000431904 7.0847e-05 8.60371e-05 2.82234e-05
threshold=73.387500000000003 6.6000000000000005 89.750000000000014 1201.0000000000002 1.0000000180025095e-35 0.84500000000000008 16.700000000000003 1.0000000180025095e-35 146.50000000000003 1.0000000180025095e-35 93.096250000000012 23.850000000000005 1.5000000000000002 1.0000000180025095e-35 1.0000000180025095e-35 2.2500000000000004 0.79500000000000015 56.70000000000001 28.500000000000004 14.500000000000002 0.83500000000000008 0.82500000000000007 1.0000000180025095e-35 2.2500000000000004 1.0000000180025095e-35 58.050000000000004 0.88500000000000012 1.0000000180025095e-35 1.0000000180025095e-35 1.0000000180025095e-35
decision_type=2 2 2 2 2 2 2 2 2 2 2 2 2 2 2 2 2 2 2 2 2 2 2 2 2 2 2 2 2 2
left_child=3 14 4 27 12 6 -6 8 11 10 -9 -4 13 -3 15 -2 17 -16 -19 -14 21 -5 -10 -22 -11 -25 -27 28 -1 -29
right_child=1 2 7 20 5 -7 -8 9 22 24 -12 -13 19 -15 16 -17 -18 18 -20 -21 23 -23 -24 25 -26 26 -28 29 -30 -31
leaf_value=-0.080723757747550473 -0.081374269946149269 -0.0091483635505696347 0.040569081625589538 -0.08155990643160832 0.068534525766728666 0.080266587566069636 -0.053042985357214863 0.013850630075824568 0.08886587070267804 0.080988521802879923 0.08841624727817575 -0.017278117951352385 0.081189328474097794 0.041344830648975178 -0.081168102506996812 0.2284584595894982 -0.08032291155493694 0.4340359647769868 -0.080310166965426047 0.03838851959322151 0.10356399349288059 0.086294996553553743 0.082445312825676617 0.08204140768639849 0.080241298018310522 0.081370315826474707 0.067569320492496865 -0.080694295814590172 -0.080287668571503462 -0.080252318429051256
leaf_weight=5.1256898607971362 0.043762586181400165 2.175168392015622 2.2687803374137725 0.011224934132768705 1.3049522119108568 3.3690596922533587 0.62584222543955537 1.0371774481609453 1.1154333832673731 9.8129304139874858 0.6870487518608569 0.69405564171029244 0.28683780739083875 0.70695902706938785 0.030396904141525738 0.021721767610870302 0.92320450997794978 0.0052023024909431106 0.013752365804975852 0.041841023485176265 0.023752814158797264 0.03057890385389328 2.134005640167743 0.17065688781440258 45.047928330255672 0.032591876573860645 0.02616225159727037 0.94161537138279428 6.6544821926217992 51.401197164086625
leaf_count=11596 52 368 275 49 445 4368 979 60 72 1638 44 75 128 496 52 13 5382 26 91 128 268 26 228 42 8840 17 30 1784 19624 159668
internal_value=-8.50924e-10 0.0708606 0.0729308 -0.0795816 0.0424039 0.0616358 0.0291267 0.077068 0.0571631 0.0792532 0.0435626 0.0270182 0.0106591 0.00323715 -0.0713525 0.0214001 -0.0775978 -0.0266198 0.0608574 0.0757408 0.0766319 0.0412235 0.0846493 0.0824788 0.080375 0.0802957 0.075225 -0.0803002 -0.0804774 -0.0802603
internal_weight=136.764 72.3461 71.308 64.418 8.51066 5.29985 1.93079 62.7974 6.21228 56.5851 1.72423 2.96284 3.21081 2.88213 1.03804 0.0654844 0.972556 0.0493516 0.0189547 0.328679 0.294968 0.0418038 3.24944 0.253164 54.8609 0.229411 0.0587541 64.123 11.7802 52.3428
internal_count=216864 23760 18144 193104 6912 5792 1424 11232 650 10582 104 350 1120 864 5616 65 5551 169 117 256 432 75 300 357 10478 89 47 192672 31220 161452
is_linear=0
shrinkage=0.08


Tree=33
num_leaves=31
num_cat=0
split_feature=28 16 32 20 10 7 28 11 21 8 28 8 32 14 8 5 4 7 1 0 7 6 10 5 10 1 0 10 9 8
split_gain=101.618 2.71042 1.31599 0.957326 0.714189 0.455548 0.786045 0.434156 0.777384 0.35734 0.338916 0.251981 0.206782 0.218757 0.11929 0.19115 0.0915729 0.0341492 0.0480901 0.112306 0.00746047 0.00695529 0.00445642 0.00128633 0.000579453 0.000373804 0.000516343 5.93913e-05 7.20608e-05 2.10542e-05
threshold=73.387500000000003 6.6000000000000005 89.750000000000014 1201.0000000000002 1.0000000180025095e-35 0.84500000000000008 82.612500000000011 1.0000000180025095e-35 146.50000000000003 1.0000000180025095e-35 93.096250000000012 1.5000000000000002 87.200000000000017 65.100000000000009 1.0000000180025095e-35 2.2500000000000004 39.500000000000007 0.79500000000000015 56.70000000000001 28.500000000000004 0.83500000000000008 25.340000000000003 1.0000000180025095e-35 2.2500000000000004 1.0000000180025095e-35 58.050000000000004 28.500000000000004 1.0000000180025095e-35 1.0000000180025095e-35 1.0000000180025095e-35
decision_type=2 2 2 2 2 2 2 2 2 2 2 2 2 2 2 2 2 2 2 2 2 2 2 2 2 2 2 2 2 2
left_child=3 14 4 27 12 6 -6 8 11 10 -9 -4 13 -3 15 -2 -14 18 -16 -20 21 -5 -10 -22 -11 -25 -27 28 -1 -29
right_child=1 2 7 20 5 -7 -8 9 22 24 -12 -13 16 -15 17 -17 -18 -19 19 -21 23 -23 -24 25 -26 26 -28 29 -30 -31
leaf_value=-0.08068013292127818 -0.081239526878710236 0.022882548125871885 0.014082904321120193 0.016948735792387318 -0.081769493366438198 0.080231282253454342 0.054851735279929974 0.012347071584361468 0.088907701163939631 0.080941043651974617 0.088164553249571662 0.08054926011511325 -0.080976872968110222 -0.077226787971708996 -0.081082978251881599 0.19400107996186716 0.016573382453686853 -0.080282941704394928 0.29945103677948137 -0.080266543015490674 0.10112386758705459 0.089214387308492765 0.082289350479672937 0.081890114017640112 0.080205530266293276 0.06495808606919122 0.081242308631598065 -0.080623885015145905 -0.080249649183924229 -0.080216899795851143
leaf_weight=4.4532889033143856 0.038127594540127485 2.5016220061224894 2.2735821556707374 0.023716232972218587 0.33553364382532791 2.8542826337506995 1.3699107366846872 0.97271871380507835 1.0090469736605883 8.3646454783156496 0.61649142578244209 0.4348636611830442 0.21323753317119543 0.14796178569667962 0.026439810862939339 0.028012886759825051 0.086598471738398075 0.78175270057545276 0.0087252126104431227 0.011628900407231413 0.020005442202091217 0.013306020759046078 1.835669576888904 0.14444718323647976 37.986888208426535 0.022737354738637805 0.027575532905757427 0.82903396984329347 5.6411234559564036 43.433636133835535
leaf_count=11596 52 490 252 49 890 4368 534 60 72 1638 44 98 171 420 52 13 39 5382 26 91 268 26 228 42 8840 14 33 1784 19624 159668
internal_value=1.80958e-10 0.0701768 0.0722041 -0.0795436 0.0408426 0.0606853 0.0279725 0.0766065 0.0554305 0.0790594 0.0417584 0.0247546 0.0101663 0.0172921 -0.068056 0.0353348 -0.0528025 -0.0763094 -0.00992557 0.0825073 0.0760885 0.0429214 0.0846369 0.081806 0.0803383 0.0798217 0.0738832 -0.0802645 -0.0804396 -0.0802245
internal_weight=116.507 61.8977 61.0031 54.6089 7.50915 4.55973 1.70544 53.4939 5.55316 47.9407 1.58921 2.70845 2.94942 2.64958 0.894687 0.0661405 0.299836 0.828547 0.0467939 0.0203541 0.251788 0.0370223 2.84472 0.214766 46.3515 0.19476 0.0503129 54.3571 10.0944 44.2627
internal_count=216864 23760 18144 193104 6912 5792 1424 11232 650 10582 104 350 1120 910 5616 65 210 5551 169 117 432 75 300 357 10478 89 47 192672 31220 161452
is_linear=0
shrinkage=0.08


Tree=34
num_leaves=31
num_cat=0
split_feature=28 16 32 20 10 11 21 7 12 8 28 10 8 9 8 5 7 7 5 17 7 7 10 5 10 1 7 10 9 8
split_gain=85.484 2.19006 1.22893 0.817775 0.620148 0.43689 0.738237 0.419533 0.659572 0.381461 0.333106 0.22684 0.185631 0.161096 0.15067 0.169442 0.0835491 0.0184921 0.0275562 0.00912434 0.00771216 0.0293814 0.00359222 0.00122349 0.000524801 0.000446996 0.000612114 4.64021e-05 5.41203e-05 1.55944e-05
threshold=73.387500000000003 6.6000000000000005 89.750000000000014 1201.0000000000002 1.0000000180025095e-35 1.0000000180025095e-35 146.50000000000003 0.84500000000000008 634.00000000000011 1.0000000180025095e-35 79.857500000000016 1.0000000180025095e-35 1.5000000000000002 1.0000000180025095e-35 1.0000000180025095e-35 2.2500000000000004 0.77000000000000013 0.79500000000000015 2.2500000000000004 14.500000000000002 0.83500000000000008 0.82500000000000007 1.0000000180025095e-35 2.2500000000000004 1.0000000180025095e-35 58.050000000000004 0.88500000000000012 1.0000000180025095e-35 1.0000000180025095e-35 1.0000000180025095e-35
decision_type=2 2 2 2 2 2 2 2 2 2 2 2 2 2 2 2 2 2 2 2 2 2 2 2 2 2 2 2 2 2
left_child=3 14 4 27 12 6 11 8 -6 10 -7 -4 13 -3 15 -2 -16 18 -18 -14 21 -5 -8 -22 -11 -25 -27 28 -1 -29
right_child=1 2 5 20 7 9 22 -9 -10 24 -12 -13 19 -15 16 -17 17 -19 -20 -21 23 -23 -24 25 -26 26 -28 29 -30 -31
leaf_value=-0.080622947894399652 -0.081111991682366963 -0.0089223155955826892 -0.0040105391414548526 -0.081354705120862389 -0.04872677754301518 -0.024919387363610667 0.088611610499776547 0.080197656056819014 0.063629876255818119 0.080934129052278259 0.061434849143576539 0.044536730955127758 0.08092713428890512 0.038962668030702197 0.34126405033868912 0.17010307661695812 -0.080714898577852648 -0.080246878342053116 0.051520317456567738 0.036301605462996836 0.1006980538401003 0.086142543968081783 0.082284780600454119 0.081807210684773132 0.080175063850232056 0.081117258043517215 0.061984929751484188 -0.080559734674154393 -0.080219949738261256 -0.080186163065246646
leaf_weight=3.8415238233646942 0.033219033924978159 1.8408114771591506 1.1090814294293523 0.0092640379734792999 0.50022888936291487 0.38585427589714427 0.90350244939327251 2.404070459655486 1.008579287910834 7.1290441969176745 1.1034753406420348 1.3854793498467179 0.2179437429876997 0.59497226105304424 0.003069853162742219 0.035596711444668472 0.023992040529265068 0.66099698741891189 0.017400329124939162 0.033882135176099837 0.019145768135786057 0.024240382947027683 1.5764954234473407 0.12209591502323747 31.973387126810849 0.023302427493035793 0.01979256491176784 0.72939695834065688 4.7945216070365859 36.633448315697024
leaf_count=11596 52 368 84 49 979 28 72 4368 445 1638 76 266 128 496 26 13 104 5382 39 128 268 26 228 42 8840 17 30 1784 19624 159668
internal_value=1.53795e-09 0.069402 0.0713844 -0.0794998 0.0391224 0.0760576 0.053681 0.0594453 0.0263793 0.0787999 0.0390623 0.0229526 0.00953447 0.00277422 -0.0641564 0.0488355 -0.0751785 -0.0769986 -0.0251265 0.074923 0.0751364 0.0398292 0.0845897 0.0815537 0.0803135 0.0793349 0.0723302 -0.0802321 -0.0803992 -0.0801935
internal_weight=99.1578 52.9411 52.1668 46.2167 6.60049 45.5663 4.97456 3.91288 1.50881 40.5918 1.48933 2.49456 2.68761 2.43578 0.774275 0.0688157 0.705459 0.702389 0.0413924 0.251826 0.217841 0.0335044 2.48 0.184337 39.1024 0.165191 0.043095 45.9989 8.63605 37.3628
internal_count=216864 23760 18144 193104 6912 11232 650 5792 1424 10582 104 350 1120 864 5616 65 5551 5525 143 256 432 75 300 357 10478 89 47 192672 31220 161452
is_linear=0
shrinkage=0.08


Tree=35
num_leaves=31
num_cat=0
split_feature=28 16 12 20 11 31 9 8 28 4 8 17 10 22 8 8 5 16 18 7 6 8 7 32 10 0 7 7 14 10
split_gain=71.8077 1.98913 0.761585 0.686926 0.684757 0.922183 0.483437 0.457109 0.483134 0.314183 0.239031 0.237704 0.298918 0.235067 0.178644 0.165919 0.147844 0.123451 0.0928543 0.0768547 0.0601626 0.0365161 0.0224593 0.0162796 0.24738 0.0109123 0.00659565 0.0248429 0.00613972 0.00459175
threshold=73.387500000000003 10.300000000000002 560.00000000000011 1201.0000000000002 1.0000000180025095e-35 98.015000000000015 1.0000000180025095e-35 1.0000000180025095e-35 78.963750000000019 38.500000000000007 1.0000000180025095e-35 27.500000000000004 1.0000000180025095e-35 75.000000000000014 1.0000000180025095e-35 1.5000000000000002 2.2500000000000004 11.9 2.1735000000000007 0.77000000000000013 23.230000000000004 1.0000000180025095e-35 0.79500000000000015 74.90000000000002 1.0000000180025095e-35 37.500000000000007 0.83500000000000008 0.82500000000000007 63.20000000000001 1.0000000180025095e-35
decision_type=2 2 2 2 2 2 2 2 2 2 2 2 2 2 2 2 2 2 2 2 2 2 2 2 2 2 2 2 2 2
left_child=3 2 14 -1 5 15 9 8 -6 10 -4 29 -13 -10 16 17 -2 -3 21 -16 -20 -8 -21 24 -9 -11 27 -5 -17 -7
right_child=1 4 6 26 7 11 18 23 13 25 -12 12 -14 -15 19 28 -18 -19 20 22 -22 -23 -24 -25 -26 -27 -28 -29 -30 -31
leaf_value=-0.080206162401225981 -0.080997673585747776 -0.035230406249112091 -0.09799607397599068 -0.081212366120209642 -0.068639404269752458 0.08991921242203875 0.041474804822914949 -0.081510477274802831 0.014075327209157877 0.081096951213172425 0.0055622146716512626 0.0027106666564226983 0.082069139261160926 0.084763316768946786 0.27443805441479269 0.080505349479589233 0.15331643523799127 0.015671484318460719 0.08910485495565322 -0.016053899873906662 -0.055370727510707679 0.076672840416440943 -0.0802167903036657 0.080240905784753985 0.080150234864785314 0.045398220867313502 0.080948359988925259 0.085593692521902548 0.044709437970079924 0.082284263044045444
leaf_weight=38.888398967486864 0.028704246316919035 0.82303231184778158 0.1540716227609672 0.0079267030232575975 0.24299018655437876 0.82336479239165794 0.22103560576215375 0.064618675736710429 0.52280191356840056 0.33509720501024265 1.9238209155155344 0.63127842894755304 0.58552550326567121 0.70991383260115981 0.0040278937958646557 0.11417460744269181 0.043128310469910502 0.48440647916868329 0.026171784098551032 0.037249406952469144 0.062495149817550555 1.2869748475786762 0.55703939531667856 33.262520570133347 0.9694911831174966 0.06551586848217994 0.15616021864116192 0.020472601056098938 0.041927741374820471 1.3002699188655247
leaf_count=192672 52 162 10 49 24 66 24 315 48 890 1310 54 171 56 26 35 13 54 148 143 250 1568 5382 10881 1700 120 357 26 49 209
internal_value=-1.08738e-09 0.0685178 0.0195092 -0.0794754 0.0742493 0.04589 0.0325058 0.0780577 0.0344612 0.0103901 -0.00211643 0.0690906 0.0408979 0.0547841 -0.0595229 -0.0070638 0.0596847 -0.0163712 0.0668357 -0.0738346 -0.0127259 0.0715137 -0.0761951 0.0799336 0.0700485 0.0752588 0.074499 0.0390354 0.0708909 0.0852444
internal_weight=84.3946 45.3216 4.74533 39.073 40.5763 4.80398 4.07518 35.7723 1.47571 2.47851 2.07789 3.34044 1.2168 1.23272 0.670149 1.46354 0.0718326 1.30744 1.59668 0.598317 0.0886669 1.50801 0.594289 34.2966 1.03411 0.400613 0.18456 0.0283993 0.156102 2.12363
internal_count=216864 23760 9936 193104 13824 800 4320 13024 128 2330 1320 500 225 104 5616 300 65 216 1990 5551 398 1592 5525 12896 2015 1010 432 75 84 275
is_linear=0
shrinkage=0.08


Tree=36
num_leaves=31
num_cat=0
split_feature=28 16 11 28 20 8 12 18 16 10 4 9 8 2 32 5 13 0 8 13 7 0 7 32 10 7 7 10 3 32
split_gain=60.3404 1.965 0.634485 0.819279 0.58675 0.49703 0.47562 0.369075 0.280528 0.427701 0.210705 0.20504 0.201284 0.162064 0.154353 0.131288 0.104265 0.127588 0.0891304 0.0812271 0.0811249 0.0677319 0.0250074 0.0140761 0.206035 0.00494647 0.021664 0.00223654 0.00114577 0.00112234
threshold=73.387500000000003 10.300000000000002 1.0000000180025095e-35 85.425000000000011 1201.0000000000002 1.0000000180025095e-35 560.00000000000011 19.050000000000001 11.9 1.0000000180025095e-35 38.500000000000007 1.0000000180025095e-35 1.0000000180025095e-35 158.74800000000002 87.200000000000017 2.2500000000000004 25.400000000000002 31.500000000000004 1.5000000000000002 25.400000000000002 0.77000000000000013 24.500000000000004 0.79500000000000015 74.90000000000002 1.0000000180025095e-35 0.83500000000000008 0.82500000000000007 1.0000000180025095e-35 30.500000000000004 89.750000000000014
decision_type=2 2 2 2 2 2 2 2 2 2 2 2 2 2 2 2 2 2 2 2 2 2 2 2 2 2 2 2 2 2
left_child=4 6 3 8 -1 7 12 13 18 -10 11 14 15 -4 -8 -2 -12 -18 -3 -13 -14 -9 -22 24 -7 26 -6 28 -5 -25
right_child=1 2 5 27 25 23 10 21 9 -11 16 19 20 -15 -16 -17 17 -19 -20 -21 22 -23 -24 29 -26 -27 -28 -29 -30 -31
leaf_value=-0.080183790015882439 -0.080915722342566984 -0.031965676130903349 0.079829257584254548 0.090455152981049086 -0.081088349379326866 -0.081279416430558082 0.0074398585274838488 -0.07939027486251779 -0.0053836981312994584 0.078901123343999582 0.081916595758644087 0.081944575118307675 0.20832965795451056 0.012486173286661961 -0.08255833285453644 0.14241269888294941 0.091621587417093517 -0.028799707710538233 0.060044701101868853 0.011837755008872243 -0.008722836431032199 -0.0082406282617582712 -0.08019187948836573 0.075410914084831984 0.080128018314113467 0.08014965789601082 0.085587301699167673 0.082088920947912383 0.083987982592549568 0.080264480220304205
leaf_weight=32.8435538761114 0.02527580608875668 0.75897398255619863 0.61603487574029958 0.42087846854701627 0.0067652406578407867 0.054117239429615438 1.7482391494559131 0.16076308023184538 0.82936106692068268 0.71968437929172058 0.51575647736899544 0.329986223776359 0.0065320609428454182 0.3637549476698041 0.13110905681969587 0.050517649156972766 0.091903896169242216 0.14539176911057439 0.073944877134636045 0.15566391963511705 0.033573343396710698 0.18322492591687478 0.46971908105479088 0.30825138802174734 0.78198349062586459 0.1330682395491749 0.019028571434319019 1.1607526766601948 0.30051346949767321 28.202173396362923
leaf_count=192672 52 162 63 24 49 315 924 11 66 209 910 590 26 21 396 13 530 380 63 590 143 33 5382 403 1700 357 26 228 48 10478
internal_value=1.33298e-09 0.0678547 0.073729 0.0448142 -0.0794419 0.077749 0.0124464 0.0297985 0.0136433 0.0337749 0.0248707 0.0131357 -0.0537049 0.0548276 0.00116131 0.0679365 0.061725 0.0178391 -0.0237972 0.0594735 -0.0717888 -0.0414925 -0.0754244 0.079912 0.0696808 0.0739346 0.0418714 0.084263 0.0877611 0.080212
internal_weight=71.6405 38.6381 34.9344 4.26411 33.0024 30.6703 3.70367 1.32378 2.38196 1.54905 3.11805 2.365 0.585618 0.97979 1.87935 0.0757935 0.753052 0.237296 0.832919 0.48565 0.509824 0.343988 0.503292 29.3465 0.836101 0.158862 0.0257938 1.88214 0.721392 28.5104
internal_count=216864 23760 13824 800 193104 13024 9936 128 500 275 4320 2500 5616 84 1320 65 1820 910 225 1180 5551 44 5525 12896 2015 432 75 300 72 10881
is_linear=0
shrinkage=0.08


Tree=37
num_leaves=31
num_cat=0
split_feature=28 16 11 28 20 8 28 12 8 4 16 10 2 32 9 28 1 13 0 7 0 1 32 10 9 1 7 10 3 5
split_gain=50.6517 1.78421 0.571262 0.711132 0.495728 0.450049 0.347496 0.335763 0.22568 0.211074 0.197727 0.368628 0.195464 0.185269 0.177808 0.142701 0.103789 0.0825709 0.124649 0.0569704 0.0551111 0.0447258 0.0115556 0.208444 0.00438369 0.0134046 0.0051646 0.00170256 0.000835676 0.000363805
threshold=73.387500000000003 10.300000000000002 1.0000000180025095e-35 85.425000000000011 1201.0000000000002 1.0000000180025095e-35 93.096250000000012 560.00000000000011 1.0000000180025095e-35 38.500000000000007 11.9 1.0000000180025095e-35 158.74800000000002 87.200000000000017 1.0000000180025095e-35 87.478750000000005 57.150000000000006 25.400000000000002 31.500000000000004 0.79500000000000015 25.500000000000004 56.70000000000001 89.750000000000014 1.0000000180025095e-35 1.0000000180025095e-35 61.650000000000013 0.83500000000000008 1.0000000180025095e-35 30.500000000000004 2.2500000000000004
decision_type=2 2 2 2 2 2 2 2 2 2 2 2 2 2 2 2 2 2 2 2 2 2 2 2 2 2 2 2 2 2
left_child=4 7 3 10 -1 6 12 8 15 13 16 -12 -4 14 -9 -2 -3 -11 -19 21 -15 -10 23 -7 26 -26 -6 28 -5 -28
right_child=1 2 5 27 24 22 -8 9 19 17 11 -13 -14 20 -16 -17 -18 18 -20 -21 -22 -23 -24 -25 25 -27 29 -29 -30 -31
leaf_value=-0.080164487004845658 -0.057440541801892772 -0.030926562399008532 0.025234241101053306 0.08964373413637651 0.027079050103193891 -0.081037866685746404 0.087387740350505172 0.006565034316990309 -0.080929702527498704 0.081841954450470281 -0.0053027684245191701 0.077565522144034754 -0.061324508360850169 0.036957316769108677 0.074453049834207058 0.15861662706477725 0.059537045380634694 0.089831360320759363 -0.028640001957625422 -0.08017040776360386 -0.086272074455418152 0.088174659728051399 0.080247352395000734 0.080108957440165121 -0.08336370455214212 0.087397313873257262 0.095616366719020865 0.081930244449398781 0.08375105313109478 0.081417691660697969
leaf_weight=27.710372670073415 0.032214583225140259 0.64781756835873583 0.51230213794042601 0.37602275097742677 0.011639485426711782 0.054248791188001633 0.42447590152733028 1.6056459138635553 0.017016852274537086 0.43588999065104861 0.77192950388416681 0.61907413566950653 0.24768976622726768 0.027357587649021187 0.29178355034673575 0.049822821107227355 0.092794258649519179 0.10033394211495761 0.13111300153832417 0.39560340243770042 0.15382983302697539 0.024309586617164314 23.690557214140426 0.96868413640186435 0.0044688222697004685 0.0086116576567292213 0.013093162328004837 0.99245737958699443 0.26089068432338536 0.097942654509097338
leaf_count=192672 25 144 63 24 47 378 44 924 52 910 66 209 21 75 826 40 81 530 380 5382 675 117 10478 2040 116 83 148 228 48 38
internal_value=2.32115e-09 0.0671691 0.0733481 0.0442133 -0.0794174 0.0775791 0.0294074 0.0110386 -0.0479742 0.0221917 0.0137996 0.0315782 -0.00297621 0.00962426 0.0170047 0.0737749 -0.019592 0.0613366 0.0227182 -0.0708337 -0.0676656 0.0185431 0.0798879 0.0715629 0.0730832 0.0290584 0.0777774 0.0840019 0.08723 0.083092
internal_weight=60.77 32.9239 29.6589 3.76099 27.8461 25.898 1.18447 3.26492 0.518967 2.74595 2.13162 1.391 0.759992 2.07862 1.89743 0.0820374 0.740612 0.667337 0.231447 0.43693 0.181187 0.0413264 24.7135 1.02293 0.135756 0.0130805 0.122675 1.62937 0.636913 0.111036
internal_count=216864 23760 13824 800 193104 13024 128 9936 5616 4320 500 275 84 2500 1750 65 225 1820 910 5551 750 169 12896 2418 432 199 233 300 72 186
is_linear=0
shrinkage=0.08


Tree=38
num_leaves=31
num_cat=0
split_feature=28 16 11 28 8 20 28 12 10 9 7 13 1 20 28 8 17 1 10 9 12 28 7 17 10 9 0 0 10 3
split_gain=42.4425 1.54518 0.535986 0.639121 0.44808 0.419742 0.315919 0.232017 0.245295 0.215968 0.198921 0.193297 0.161556 0.171747 0.107942 0.306823 0.163601 0.0977492 0.0678172 0.061423 0.0878138 0.0369261 0.0209167 0.00957894 0.173495 0.00178586 0.00808024 0.00139408 0.00129009 0.000608311
threshold=73.387500000000003 10.300000000000002 1.0000000180025095e-35 85.425000000000011 1.0000000180025095e-35 1201.0000000000002 78.963750000000019 634.00000000000011 1.0000000180025095e-35 1.0000000180025095e-35 0.83500000000000008 19.500000000000004 57.150000000000006 1170.0000000000002 87.478750000000005 1.0000000180025095e-35 13.500000000000002 58.95000000000001 1.0000000180025095e-35 1.5000000000000002 552.50000000000011 74.855000000000004 0.82500000000000007 54.000000000000007 1.0000000180025095e-35 1.0000000180025095e-35 31.500000000000004 41.500000000000007 1.0000000180025095e-35 30.500000000000004
decision_type=2 2 2 2 2 2 2 2 2 2 2 2 2 2 2 2 2 2 2 2 2 2 2 2 2 2 2 2 2 2
left_child=5 7 3 12 6 -1 -4 8 14 10 18 -8 13 -3 16 -16 -2 -12 -9 27 -21 -14 -7 -6 -25 -24 -27 -10 29 -5
right_child=1 2 4 28 23 22 11 9 19 -11 17 -13 21 -15 15 -17 -18 -19 -20 20 -22 -23 25 24 -26 26 -28 -29 -30 -31
leaf_value=-0.080148233693574919 -0.054936221698630383 -0.0083628208962617974 -0.06501839604531312 0.088901011198551635 0.080232723044397658 -0.080969893218889283 0.016009807301981475 0.013337588705105149 -0.080274720521923623 0.082204433129720297 -0.0270892057292801 0.091230044750551048 0.011960338367695132 0.063881647612860165 0.23539612242712374 -0.051535873787526512 0.020991183285697261 0.053594500523183999 0.08139223549911255 -0.080360110771370605 0.08104694902510047 0.079698775422881049 0.083040450980001887 -0.080881071767070142 0.080092810549766885 -0.084752320166066555 0.08729280145687178 -0.04928237165935382 0.081799909740758348 0.083534284348381935
leaf_weight=23.370796283896201 0.24568368287873432 1.3687527347792703 0.19478546455502399 0.3359190565533936 19.900419586105276 0.0054281894990698678 0.52468765359662939 0.14300881209783256 0.31699825870237242 0.42000686912797403 0.54200454300735146 0.37484467995818704 0.065049417898990103 0.24889610393438477 0.047227506991475821 0.048187006723310333 0.69653966063924599 0.11681057006353512 0.27187226334353887 0.045328955180593766 0.041161320405080914 0.24734440761676524 0.10087104397825897 0.045238947990583256 0.81162756326375429 0.0022772869560867548 0.0075043630786240101 0.0095691745591466315 0.84853062895126619 0.22618922020774335
leaf_count=192672 420 272 24 24 10478 49 72 20 4680 995 400 32 18 48 8 552 280 530 215 1034 658 162 203 378 2040 107 73 144 228 48
internal_value=-2.96397e-10 0.0662739 0.0726832 0.0428392 0.0772458 -0.0793945 0.0273528 0.0114363 -0.0113512 0.0335676 0.0145419 0.0473549 0.0129242 0.00275292 0.00940412 0.0904874 0.0011932 -0.0127837 0.0579339 -0.0634904 -0.00354537 0.0655937 0.0723541 0.0798761 0.0715941 0.0798756 0.0472386 -0.0793666 0.083769 0.0867415
internal_weight=51.6236 28.1367 25.1923 3.34068 21.8516 23.4869 1.09432 2.9444 1.4507 1.4937 1.0737 0.899532 1.93004 1.61765 1.03764 0.0954145 0.942223 0.658815 0.414881 0.413058 0.0864903 0.312394 0.116081 20.7573 0.856867 0.110653 0.00978165 0.326567 1.41064 0.562108
internal_count=216864 23760 13824 800 13024 193104 128 9936 7776 2160 1165 104 500 320 1260 560 700 930 235 6516 1692 180 432 12896 2418 383 180 4824 300 72
is_linear=0
shrinkage=0.08


Tree=39
num_leaves=31
num_cat=0
split_feature=28 32 20 11 28 8 28 1 28 8 13 12 16 9 22 3 8 8 1 12 16 8 5 7 9 0 10 6 10 5
split_gain=35.5427 1.34779 0.353067 0.339088 0.464023 0.309737 0.295382 0.222161 0.2089 0.265941 0.169123 0.168288 0.153207 0.160162 0.122368 0.160298 0.1166 0.109942 0.0803369 0.0768865 0.0721159 0.0712071 0.0705027 0.0179361 0.00145169 0.0064878 0.00135737 0.000872362 0.000219769 0.000210803
threshold=73.387500000000003 89.750000000000014 1201.0000000000002 1.0000000180025095e-35 79.857500000000016 1.0000000180025095e-35 78.963750000000019 56.20000000000001 81.758750000000006 1.0000000180025095e-35 19.500000000000004 136.50000000000003 6.6000000000000005 1.0000000180025095e-35 207.50000000000003 30.500000000000004 1.5000000000000002 1.0000000180025095e-35 55.850000000000009 203.00000000000003 8.4000000000000021 1.0000000180025095e-35 2.2500000000000004 0.82500000000000007 1.0000000180025095e-35 31.500000000000004 1.0000000180025095e-35 22.845000000000002 1.0000000180025095e-35 2.2500000000000004
decision_type=2 2 2 2 2 2 2 2 2 2 2 2 2 2 2 2 2 2 2 2 2 2 2 2 2 2 2 2 2 2
left_child=2 7 -1 4 16 6 -5 12 9 -9 -8 -7 -2 17 15 -6 22 -14 -15 27 -11 -21 -3 -4 29 -26 -16 -10 -13 -25
right_child=1 3 23 5 14 11 10 8 19 20 -12 28 13 18 26 -17 -18 -19 -20 21 -22 -23 -24 24 25 -27 -28 -29 -30 -31
leaf_value=-0.080134604870433862 -0.08025291648868571 0.0094441632052972187 -0.080896183747060563 -0.061660237334087188 0.0024755306941295682 -0.080113215120445461 0.019682360312501673 -0.088245018911224118 -0.015754754865859682 -0.051518922626205603 0.093909947252182421 0.080818529628582395 -0.073126737836576472 0.078854481973161084 0.087079859254817468 0.083417056577377066 0.080414149258193415 0.0048496828782139704 -0.0049414186594679988 0.11776752927395513 0.060323287912665731 0.058872583788642102 -0.039273589440511382 0.09365086460893568 -0.084128385430267391 0.086278875912863026 0.08173946534298869 -0.08169649740469874 0.080078504293704819 0.081426446941975497
leaf_weight=19.715348241770702 0.12901858599071037 0.44360608900024745 0.00466692574263916 0.17256859363987942 0.33154059435764782 0.042003148922961198 0.42662460473366082 0.14889914756349742 0.0013626673098767741 0.043456392028019764 0.36411606823094189 3.169655481644452 0.12498030089773271 0.27755523451196484 0.5225627685431391 0.29674790192075307 0.099832696723751724 1.5621990059444213 0.09946329880040139 0.15625508692028234 0.24447750110994093 0.82549277990256087 0.33269147924147546 0.010266631841659546 0.0018506007036194205 0.006289635319262743 0.73028780618915312 0.022233323470572941 13.538345050998021 0.074841946363449097
leaf_count=192672 1903 91 49 20 90 806 52 30 19 1024 40 1638 16 1104 72 135 49 1552 96 48 1536 4096 35 161 107 73 228 240 8840 42
internal_value=-1.245e-09 0.0652459 -0.079382 0.0732176 0.0471206 0.0772799 0.0331674 0.0203581 0.0447463 -0.00144391 0.0538623 0.0798168 0.00432134 0.00960749 0.0695178 0.0407051 -0.000968508 -0.000926536 0.0567478 0.0648164 0.0434435 0.0682463 -0.0114344 0.0721542 0.0798141 0.0475385 0.0839669 -0.0778884 0.0802189 0.0829011
internal_weight=43.9192 24.106 19.8133 20.4706 2.75727 17.7133 0.963309 3.63539 1.44218 0.436833 0.790741 16.75 2.19322 2.0642 1.88114 0.628288 0.87613 1.68718 0.377019 1.00534 0.287934 0.981748 0.776298 0.0979157 0.0932488 0.00814024 1.25285 0.023596 16.708 0.0851086
internal_count=216864 23760 193104 12096 700 11396 112 11664 6993 2590 92 11284 4671 2768 525 225 175 1568 1200 4403 2560 4144 126 432 383 180 300 259 10478 203
is_linear=0
shrinkage=0.08


Tree=40
num_leaves=31
num_cat=0
split_feature=28 32 11 21 20 8 28 1 16 13 12 9 28 32 20 8 2 8 12 15 28 8 7 10 7 9 0 10 3 10
split_gain=29.8975 1.23857 0.293926 0.395658 0.29318 0.275957 0.289541 0.181234 0.280319 0.152719 0.142466 0.125468 0.226867 0.127048 0.117212 0.116555 0.106152 0.0861525 0.0425203 0.0339508 0.02982 0.0651525 0.0290995 0.0164648 0.014876 0.00277083 0.00767898 0.00072637 0.000369569 0.000192607
threshold=73.387500000000003 89.750000000000014 1.0000000180025095e-35 146.50000000000003 1201.0000000000002 1.0000000180025095e-35 78.963750000000019 58.95000000000001 6.6000000000000005 19.500000000000004 136.50000000000003 1.0000000180025095e-35 81.758750000000006 87.200000000000017 1170.0000000000002 1.5000000000000002 158.20000000000002 1.0000000180025095e-35 203.00000000000003 1.3 81.758750000000006 1.0000000180025095e-35 0.78500000000000014 1.0000000180025095e-35 0.82500000000000007 1.0000000180025095e-35 31.500000000000004 1.0000000180025095e-35 30.500000000000004 1.0000000180025095e-35
decision_type=2 2 2 2 2 2 2 2 2 2 2 2 2 2 2 2 2 2 2 2 2 2 2 2 2 2 2 2 2 2
left_child=4 7 3 14 -1 6 -4 11 22 -8 -7 13 16 17 15 -3 -13 -2 -14 -16 21 -10 -9 -22 -6 -26 -27 28 -5 -12
right_child=1 2 5 27 24 10 9 8 20 -11 29 12 18 -15 19 -17 -18 -19 -20 -21 23 -23 -24 -25 25 26 -28 -29 -30 -31
leaf_value=-0.080123047130635547 -0.067018982522848283 -0.0014101402114084242 -0.064070232097900817 0.087761069627320956 -0.08079698918698601 -0.080099678690035148 0.02080963105821218 0.087040342257592371 -0.080446894078552128 0.093625360908856481 0.080818063966045003 0.016502547318346533 -0.081114796753792295 -0.080997087712050886 0.091781606171462068 0.079563758265735862 -0.098752350430187805 0.0072175375066882231 0.075642343448562507 0.028700321524342449 0.043149196535799607 0.05868080159349752 -0.08016901865751333 0.080922908749916742 0.082685591084066076 -0.08871438968182814 0.085388003074134272 0.08170950093074851 0.083016294696388007 0.080066947375629721
leaf_weight=16.678121136421399 0.10731783659139527 0.99989590520272498 0.15844576619565209 0.27280644350685179 0.0039736783946854306 0.035568203737056048 0.39153506245929748 0.0071219219826160743 0.02553701867145719 0.34835030529939104 2.7062879604054606 0.12733440229203541 0.01137978931365069 0.12691305666157848 0.15447502728784446 0.12837404001766117 0.085472865212068427 1.4771359672377 0.41271185879304539 0.084459819016046822 0.086270676110871469 0.13769684877479449 0.10293889977401705 0.51299397261755042 0.071790522546507418 0.0023392699658870688 0.0052828914485871792 0.63105964352143906 0.17086399032268673 11.341696805728132
leaf_count=192672 18 234 20 24 49 806 52 33 12 40 1638 730 91 981 50 91 180 1944 1456 25 170 1380 2519 2150 203 107 73 228 48 8840
internal_value=4.95625e-10 0.064445 0.0728697 0.047133 -0.0793749 0.0770646 0.0340748 0.0188691 0.0500008 0.0550925 0.0798068 0.00730134 0.0376137 -0.00397965 0.0185824 0.00780303 -0.0297889 0.00218937 0.071436 0.0694833 0.067228 0.0369151 -0.0693491 0.075485 0.0702579 0.0778164 0.0319553 0.0834534 0.0859338 0.0802116
internal_weight=37.4062 20.6446 17.4238 2.44193 16.7615 14.9819 0.898331 3.22083 0.872559 0.739885 14.0836 2.34827 0.636899 1.71137 1.3672 1.12827 0.212807 1.58445 0.424092 0.238935 0.762499 0.163234 0.110061 0.599265 0.0833864 0.0794127 0.00762216 1.07473 0.44367 14.048
internal_count=216864 23760 12096 700 193104 11396 112 11664 6264 92 11284 5400 2457 2943 400 325 910 1962 1547 75 3712 1392 2552 2320 432 383 180 300 72 10478
is_linear=0
shrinkage=0.08


Tree=41
num_leaves=31
num_cat=0
split_feature=28 32 11 21 8 20 28 1 2 28 32 12 6 9 20 8 8 19 10 31 12 8 15 8 10 11 2 9 0 7
split_gain=25.0832 1.07384 0.26872 0.355833 0.286053 0.246169 0.24283 0.166999 0.163396 0.157431 0.126548 0.119975 0.110512 0.102672 0.0991014 0.0964113 0.0642134 0.062503 0.144846 0.0564375 0.0360766 0.0328231 0.028848 0.0243032 0.0228685 0.0126595 0.0027097 0.00235667 0.00631586 0.00127583
threshold=73.387500000000003 89.750000000000014 1.0000000180025095e-35 146.50000000000003 1.0000000180025095e-35 1201.0000000000002 90.242500000000021 56.20000000000001 158.74800000000002 81.758750000000006 87.200000000000017 136.50000000000003 22.845000000000002 1.0000000180025095e-35 1170.0000000000002 1.5000000000000002 1.0000000180025095e-35 58.000000000000007 1.0000000180025095e-35 95.480000000000018 560.00000000000011 1.0000000180025095e-35 1.3 1.0000000180025095e-35 1.0000000180025095e-35 1.0000000180025095e-35 158.74800000000002 1.0000000180025095e-35 31.500000000000004 0.80500000000000016
decision_type=2 2 2 2 2 2 2 2 2 2 2 2 2 2 2 2 2 2 2 2 2 2 2 2 2 2 2 2 2 2
left_child=5 7 3 14 6 -1 8 10 -4 12 13 -6 20 16 15 -3 -2 24 -19 -15 -9 -14 -16 -12 -11 -7 -8 -27 -29 -25
right_child=1 2 4 -5 11 25 26 9 -10 17 23 -13 21 19 22 -17 -18 18 -20 -21 -22 -23 -24 29 -26 27 -28 28 -30 -31
leaf_value=-0.080112210685428065 -0.061730188518658004 -0.00035238236580963973 0.034840500175781969 0.083323596855301316 -0.08008833411507206 -0.080718229807216893 0.080448278204105217 -0.061118697203191567 -0.056984199469280655 0.044599741849374909 0.020232218919857384 0.080204423927705562 -0.084134280976266698 -0.040875974943689899 0.090556339626966645 0.079414571157317856 0.0063048159295818239 0.11830652542524624 -0.080155909848492024 0.072093875350110456 0.087616678234771983 -0.014185928523426218 0.029733172313132307 -0.063617960978454791 0.078018392325129873 0.082526250086684738 0.095716022526276631 -0.087272112342630562 0.084613600727708696 -0.080734035938480581
leaf_weight=14.081619787481031 0.095424510684098407 0.92542588925425595 0.30382380797527808 0.94566456344909955 0.029960205261885586 0.0033949364151339969 0.14692151348572224 0.012274810527742153 0.20957163302227855 0.17496241115804878 0.019053946074563899 11.8088605364901 0.081990334791044006 0.032547474118473363 0.13387210818473239 0.10832708420639392 1.2760860065718587 0.03988174313417403 0.05742422241019085 0.21699523217466776 0.069710680050775409 0.090131799181108363 0.079569650406483561 0.038353343574272003 0.5221597394629498 0.060474089696072819 0.15071148984134197 0.0019798879511654368 0.004427996464073658 0.10198507548193447
leaf_count=192672 18 234 45 300 806 25 39 95 15 286 18 10478 30 450 50 91 1746 156 1398 900 95 2370 25 54 2563 217 13 113 77 1485
internal_value=2.23815e-10 0.0635588 0.0721683 0.0463147 0.0766501 -0.0793668 0.0306872 0.0183875 -0.00264299 0.0437157 0.00347127 0.0797988 -0.0110945 0.0101592 0.0182533 0.00800641 0.0015712 0.0612475 0.00118574 0.0573594 0.0653481 -0.0475058 0.0678819 -0.0645459 0.069631 0.0699881 0.0881794 0.077638 0.0315049 -0.0760564
internal_weight=31.8236 17.6717 14.8427 2.19286 12.6498 14.1519 0.811028 2.82898 0.513395 1.04854 1.78045 11.8388 0.254108 1.62105 1.24719 1.03375 1.37151 0.794428 0.097306 0.249543 0.0819855 0.172122 0.213442 0.159392 0.697122 0.0702769 0.297633 0.066882 0.00640788 0.140338
internal_count=216864 23760 12096 700 11396 193104 112 11664 60 6993 4671 11284 2590 3114 400 325 1764 4403 1554 1350 190 2400 75 1557 2849 432 52 407 190 1539
is_linear=0
shrinkage=0.08


Tree=42
num_leaves=31
num_cat=0
split_feature=28 32 8 11 22 28 20 5 1 28 20 32 12 13 9 6 8 12 31 12 9 28 8 21 11 5 9 0 7 6
split_gain=21.001 0.910271 0.271775 0.297516 0.318974 0.233124 0.212746 0.171416 0.167556 0.134152 0.122076 0.102579 0.100704 0.0904586 0.0869474 0.0854448 0.0532354 0.0528793 0.04612 0.0344879 0.0276298 0.0274173 0.0204035 0.0194749 0.0108133 0.00391629 0.00202497 0.00569797 0.00157944 0.000653657
threshold=73.387500000000003 89.750000000000014 1.0000000180025095e-35 1.0000000180025095e-35 207.50000000000003 90.242500000000021 1201.0000000000002 2.2500000000000004 56.20000000000001 81.758750000000006 844.00000000000011 87.200000000000017 136.50000000000003 24.300000000000004 1.0000000180025095e-35 22.845000000000002 1.0000000180025095e-35 203.00000000000003 95.480000000000018 552.50000000000011 1.0000000180025095e-35 78.331250000000011 1.0000000180025095e-35 100.00000000000001 1.0000000180025095e-35 2.2500000000000004 1.0000000180025095e-35 31.500000000000004 0.80500000000000016 22.975000000000005
decision_type=2 2 2 2 2 2 2 2 2 2 2 2 2 2 2 2 2 2 2 2 2 2 2 2 2 2 2 2 2 2
left_child=6 8 5 4 13 7 -1 10 11 15 -3 14 -5 -4 16 19 -2 -11 -16 -10 -19 -17 -13 -6 -8 29 -26 -28 -24 -7
right_child=1 2 3 12 23 25 24 -9 9 17 -12 22 -14 -15 18 21 -18 20 -20 -21 -22 -23 28 -25 26 -27 27 -29 -30 -31
leaf_value=-0.08010281413711548 -0.05914037034609726 -0.01824467627394348 0.020499972885689353 -0.080078430069342607 0.045059618133326533 0.083897083514531151 -0.080651497661974131 -0.060910768762197948 -0.083550636394218142 -0.079238445299935512 0.081294424568291127 0.017181258703270558 0.080198214520323566 -0.075473478213375925 -0.037239074673154626 0.076806597670672286 0.0057009930131921719 0.048870533110084768 0.07068377921316292 0.085815565740194208 0.080696279250068198 -0.053786323279495188 -0.060218011843446606 0.083475776693358594 0.082420596115822836 0.098801264487508395 -0.086468548158646796 0.084739103319301137 -0.080630981843307734 0.07338930939568783
leaf_weight=11.888260729529065 0.087078813943660349 0.15526098872942462 0.92847282550064558 0.025152830570733253 0.094192985852714628 0.081327750900527462 0.0029098967352183527 0.21046336879953742 0.0088277054019271217 0.016488868954183999 0.16023160488111898 0.017691863409709074 9.9216714497597405 0.067417071099043824 0.029306740852916735 0.011129853224701947 1.1676822559384161 0.33011591903778026 0.18733024158427725 0.059954209151328541 0.37054601217823802 0.13615709988880553 0.033813205387559719 0.81693480163812637 0.052068554621656271 0.11021687346510589 0.0017835245234891764 0.0041133728809654713 0.085852333690127125 0.070935804047621787
leaf_count=192672 18 28 288 806 24 13 25 15 57 259 32 18 10478 72 450 240 1746 2160 900 133 1984 2160 54 288 217 13 113 77 1485 39
internal_value=-7.79892e-10 0.0624352 0.0712184 0.0742435 0.045298 0.0257376 -0.079339 -0.00499326 0.0187529 0.0457202 0.032309 0.00310947 0.0797929 0.014003 0.0092816 -0.00953909 0.00120109 0.0623691 0.0560839 0.0640785 0.0657016 -0.043918 -0.0630076 0.0795043 0.0698342 0.0873157 0.0773886 0.0329571 -0.074863 0.0790018
internal_weight=27.1334 15.1843 12.6423 11.8538 1.90702 0.788436 11.9491 0.525956 2.54198 0.93322 0.315493 1.60876 9.94682 0.99589 1.4714 0.216069 1.25476 0.717151 0.216637 0.0687819 0.700662 0.147287 0.137357 0.911128 0.0608753 0.26248 0.0579655 0.0058969 0.119666 0.152264
internal_count=216864 23760 12096 11956 672 140 193104 75 11664 6993 60 4671 11284 360 3114 2590 1764 4403 1350 190 4144 2400 1557 312 432 65 407 190 1539 52
is_linear=0
shrinkage=0.08


Tree=43
num_leaves=31
num_cat=0
split_feature=28 32 8 11 22 28 5 20 1 28 20 32 12 6 28 9 12 8 31 6 31 28 21 11 5 9 0 0 4 21
split_gain=17.5525 0.796043 0.306689 0.283298 0.29128 0.272794 0.187 0.185549 0.151024 0.140605 0.122612 0.121236 0.084531 0.0841706 0.0815661 0.0775984 0.0466627 0.0421937 0.0384286 0.0326506 0.0286706 0.0209601 0.0180712 0.00922784 0.00521164 0.00214212 0.00535457 0.000784958 0.00115757 0.000696144
threshold=73.387500000000003 89.750000000000014 1.0000000180025095e-35 1.0000000180025095e-35 207.50000000000003 90.242500000000021 2.2500000000000004 1201.0000000000002 56.20000000000001 81.758750000000006 844.00000000000011 87.200000000000017 136.50000000000003 22.845000000000002 79.857500000000016 1.0000000180025095e-35 203.00000000000003 1.0000000180025095e-35 95.480000000000018 23.430000000000003 93.385000000000005 78.331250000000011 100.00000000000001 1.0000000180025095e-35 2.2500000000000004 1.0000000180025095e-35 31.500000000000004 41.500000000000007 37.500000000000007 269.00000000000006
decision_type=2 2 2 2 2 2 2 2 2 2 2 2 2 2 2 2 2 2 2 2 2 2 2 2 2 2 2 2 2 2
left_child=7 8 5 4 14 6 10 -1 11 13 -3 15 -5 20 -4 17 -11 -2 -17 -18 -10 -15 -6 -9 29 -25 -27 -13 -29 -7
right_child=1 2 3 12 22 24 -8 23 9 16 -12 27 -14 21 -16 18 19 -19 -20 -21 -22 -23 -24 25 -26 26 -28 28 -30 -31
leaf_value=-0.080094305384095593 -0.055711231773372727 -0.021131776631427731 -0.0086940134354045497 -0.080070031708998748 0.04489265389501098 0.07135476315131381 -0.067570220773146408 -0.080590275066774686 0.085431139066186074 -0.07931591016915103 0.083286800916249765 -0.082297538093533101 0.080192438755071774 0.062148997591306453 0.039185084349571804 -0.03343185904897062 0.093826934239412019 0.0051296255110801839 0.069219737536493298 0.054140057542741177 -0.083098578062101427 -0.061610269189792496 0.08338831805779133 0.082216563730958411 0.10090761197901228 -0.086577155181740001 0.084503908210790679 -0.080717569837413475 -0.020683733622237674 0.083014796551495532
leaf_weight=10.046596143856732 0.078282011989358025 0.14687592853442666 0.49534730514278347 0.021116917338077523 0.087536106002517045 0.057729058462427929 0.22281808080151677 0.0025069243638426988 0.050416360667440929 0.014495627965516178 0.14112392946844921 0.096544292873659177 8.3403391088650078 0.0094572056077595335 0.42147698524058796 0.027029642686102195 0.18813273189516622 1.0714251169229099 0.17099260696704732 0.45004235074884491 0.0074099897938140194 0.118504628262599 0.71976279563386925 0.045692281448283079 0.12077596224844456 0.0017393642337992779 0.0035821993369609118 0.0052233525166229811 0.0033894747612066567 0.075796633842401206
leaf_count=192672 18 28 144 806 24 36 15 25 133 259 32 1485 10478 240 216 450 496 1746 900 3648 57 2160 288 217 13 113 77 54 18 16
internal_value=1.0172e-09 0.060947 0.0699948 0.0736993 0.0441724 0.0211638 -0.0125404 -0.0793029 0.018101 0.045137 0.0300348 0.00249858 0.0797877 -0.0162657 0.0133167 0.00895375 0.0626158 0.000987053 0.055208 0.0658397 0.0638354 -0.0524637 0.0792142 0.0692581 0.0888657 0.076622 0.0285857 -0.0802331 -0.057092 0.0779736
internal_weight=23.2422 13.142 10.8507 10.0856 1.72412 0.76512 0.510818 10.1001 2.29135 0.838459 0.288 1.45289 8.36146 0.185788 0.916824 1.34773 0.652671 1.14971 0.198022 0.638175 0.0578264 0.127962 0.807299 0.0535208 0.254302 0.0510138 0.00532156 0.105157 0.00861283 0.133526
internal_count=216864 23760 12096 11956 672 140 75 193104 11664 6993 60 4671 11284 2590 360 3114 4403 1764 1350 4144 190 2400 312 432 65 407 190 1557 72 52
is_linear=0
shrinkage=0.08


Tree=44
num_leaves=31
num_cat=0
split_feature=28 32 8 11 21 28 20 5 1 28 12 32 6 13 12 9 12 8 28 31 6 28 11 5 9 0 0 4 21 7
split_gain=14.7152 0.709463 0.27702 0.270024 0.267763 0.211875 0.157106 0.133982 0.127427 0.141883 0.107128 0.0999786 0.0967342 0.0726998 0.0709947 0.0641313 0.037796 0.0334555 0.0321634 0.0297866 0.0284289 0.0281943 0.00787153 0.00317433 0.00183357 0.0045631 0.000882064 0.00125175 0.000842173 0.000730647
threshold=73.387500000000003 89.750000000000014 1.0000000180025095e-35 1.0000000180025095e-35 146.50000000000003 90.242500000000021 1201.0000000000002 2.2500000000000004 56.20000000000001 81.758750000000006 351.00000000000006 87.200000000000017 23.030000000000005 23.850000000000005 136.50000000000003 1.0000000180025095e-35 203.00000000000003 1.5000000000000002 81.758750000000006 93.385000000000005 23.430000000000003 78.331250000000011 1.0000000180025095e-35 2.2500000000000004 1.0000000180025095e-35 31.500000000000004 41.500000000000007 37.500000000000007 269.00000000000006 0.83500000000000008
decision_type=2 2 2 2 2 2 2 2 2 2 2 2 2 2 2 2 2 2 2 2 2 2 2 2 2 2 2 2 2 2
left_child=6 8 5 4 13 7 -1 10 11 12 -3 15 19 -4 -5 17 29 -2 -17 -10 -18 -14 -8 28 -24 -26 -13 -28 -7 -11
right_child=1 2 3 14 -6 23 22 -9 9 16 -12 26 21 -15 -16 18 20 -19 -20 -21 -22 -23 24 -25 25 -27 27 -29 -30 -31
leaf_value=-0.080087123666900337 -0.0029343700248950066 0.081894231343054819 0.029035776856698094 -0.080062984997903583 0.083150021014437706 0.069082629151203556 -0.080532723595431774 -0.058555661958716407 0.086926847609905419 -0.027597991545266251 -0.020948034480228205 -0.082021357277940285 0.062456533353036275 -0.021790945385750046 0.080187828557181137 -0.030737991830848008 0.091859983506050666 0.055066685618015872 0.067631199960799235 -0.082626570696423776 0.05281016761630114 -0.089454855880802389 0.082144503915647524 0.096481935603708602 -0.085686336131333946 0.084213767414309845 -0.080612084255940686 -0.013639949753592126 0.082779332094008048 -0.08537806187672041
leaf_weight=8.4939800806059793 0.98408766553256943 0.12344830215442826 0.68359057931229272 0.01773791770574451 0.63221373822307214 0.050062889698892832 0.0021450184649438589 0.20542171597480774 0.043546005717871483 0.0016124776775541258 0.13650625555601437 0.081542438536416628 0.0086104755791893695 0.24453382250067079 7.014004316777573 0.024855608673533314 0.16763253162207548 0.068047714932617964 0.14757628736879269 0.0078222930660558632 0.41397263060935074 0.085081696046472644 0.038698690535967084 0.097273771651089191 0.0015024673193693152 0.0030973069369792938 0.0043549817382881875 0.0030279765342129394 0.06742698751622811 0.010662424132533488
leaf_count=192672 1386 32 264 806 288 36 25 15 168 40 28 1485 235 120 10478 525 496 378 825 72 3648 2115 217 13 113 77 54 18 16 219
internal_value=1.30764e-09 0.0597917 0.0692124 0.0731029 0.0429962 0.0200646 -0.0792934 -0.0102679 0.0172319 0.0438082 0.0278901 0.00228067 -0.0271211 0.0156444 0.0797836 0.0082284 0.0611333 0.000816896 0.0534515 0.0611075 0.0640653 -0.0754939 0.069058 0.0857929 0.0764688 0.0287177 -0.0796239 -0.0531448 0.0769431 -0.0777879
internal_weight=19.8641 11.3247 9.27222 8.59208 1.56034 0.68014 8.53942 0.465376 2.05243 0.738941 0.259955 1.31349 0.14506 0.928124 7.03174 1.22457 0.59388 1.05214 0.172432 0.0513683 0.581605 0.0936922 0.0454435 0.214764 0.0432985 0.00459977 0.0889254 0.00738296 0.11749 0.0122749
internal_count=216864 23760 12096 11956 672 140 193104 75 11664 6993 60 4671 2590 384 11284 3114 4403 1764 1350 240 4144 2350 432 65 407 190 1557 72 52 259
is_linear=0
shrinkage=0.08


Tree=45
num_leaves=31
num_cat=0
split_feature=28 32 8 28 14 11 21 5 20 1 20 28 8 8 9 5 6 12 12 16 19 10 7 7 1 11 11 9 0 28
split_gain=12.2718 0.57062 0.230719 0.457415 0.299687 0.260448 0.24461 0.178544 0.132789 0.132086 0.111469 0.0545825 0.0499639 0.0396986 0.0603615 0.0381033 0.0368779 0.0322772 0.0218024 0.0172644 0.0152234 0.0151989 0.012739 0.00822863 0.0164731 0.00668995 0.00396724 0.00181637 0.00410094 0.00123516
threshold=73.387500000000003 88.200000000000017 1.0000000180025095e-35 87.478750000000005 12.150000000000002 1.0000000180025095e-35 146.50000000000003 2.2500000000000004 1201.0000000000002 58.95000000000001 844.00000000000011 81.758750000000006 1.5000000000000002 1.0000000180025095e-35 1.5000000000000002 2.2500000000000004 23.030000000000005 634.00000000000011 384.50000000000006 6.6000000000000005 29.000000000000004 1.0000000180025095e-35 0.78500000000000014 0.79500000000000015 56.70000000000001 1.0000000180025095e-35 1.0000000180025095e-35 1.0000000180025095e-35 31.500000000000004 79.41500000000002
decision_type=2 2 2 2 2 2 2 2 2 2 2 2 2 2 2 2 2 2 2 2 2 2 2 2 2 2 2 2 2 2
left_child=8 9 3 7 23 6 -6 10 -1 12 -3 16 13 17 -15 20 29 -2 -13 -14 -5 -20 -18 24 -4 -10 -21 -27 -29 -11
right_child=1 2 4 15 5 -7 -8 -9 25 11 -12 18 19 14 -16 -17 22 -19 21 26 -22 -23 -24 -25 -26 27 -28 28 -30 -31
leaf_value=-0.080081247800952937 -0.070749849762572814 -0.024927839748634079 -0.080749645277127899 0.082581032847284061 0.014952117503687088 0.080181723371084396 0.083081242050918866 -0.070416882536247768 -0.080479065193120952 0.058827134887185502 0.08284276472294913 -0.080063604569779331 -0.0800901948523709 -0.00033912739903560983 0.075919474963557804 0.12195103552654242 0.084083929892408399 0.0031869832918193465 0.036554403407154379 0.044949922449539166 0.01767545770367334 0.081247660157395027 -0.082559541490484917 -0.080089773824060947 0.13876530745097571 0.082115974433390915 0.080042019685381161 -0.085444678590156864 0.083855132406343916 0.1116125712773289
leaf_weight=7.1860305345198894 0.087225364994081844 0.13019580426043642 0.0060543368017532684 0.080697726778453216 0.85225455774343462 5.8985181206808202 0.55817687523085624 0.24605976697057486 0.0018385030489298506 0.017777998024030128 0.11628242116421461 0.0060894840680703046 0.0053647793665730905 0.99728398287697928 0.071170405939483317 0.2023994370829314 0.003240214427933096 0.066671570180915296 0.060114135281764791 0.031903351133223623 0.032418383343610913 0.25642162865551665 0.03125850815740705 0.083113972810679115 0.0034259698149980977 0.032837921869940945 0.05828785928315483 0.0013995944755151859 0.0026484793052077293 0.0033758488825696977
leaf_count=192672 48 28 32 32 336 10478 288 15 25 91 32 232 260 2289 756 19 30 15 170 48 44 2150 2160 3312 72 217 784 113 77 39
internal_value=1.42992e-09 0.0578264 0.066554 0.0259647 0.0709852 0.0727971 0.0419142 -0.0222097 -0.0792851 0.0155844 0.0259157 0.057254 0.00362406 -0.000731121 0.00474051 0.101168 -0.0159134 -0.0387188 0.0698753 0.0593355 0.0639795 0.0727598 -0.0669079 -0.0720353 -0.00142187 0.0684594 0.0676289 0.075883 0.0253209 0.0672509
internal_weight=17.1305 9.90578 8.2096 0.808054 7.40154 7.30895 1.41043 0.492538 7.22476 1.69619 0.246478 0.378278 1.31791 1.22235 1.06845 0.315516 0.0556526 0.153897 0.322625 0.095556 0.113116 0.316536 0.0344987 0.0925943 0.00948031 0.0387245 0.0901912 0.036886 0.00404807 0.0211538
internal_count=216864 23760 14688 170 14518 11102 624 75 193104 9072 60 4872 4200 3108 3045 95 2320 63 2552 1092 76 2320 2190 3416 104 432 832 407 190 130
is_linear=0
shrinkage=0.08


Tree=46
num_leaves=31
num_cat=0
split_feature=28 32 8 28 14 11 21 5 1 20 28 8 9 32 16 12 5 28 6 12 10 12 7 7 1 17 9 7 6 10
split_gain=10.2931 0.510967 0.19301 0.391007 0.24879 0.254867 0.230328 0.163155 0.120449 0.112223 0.0829619 0.0426987 0.0573382 0.0406811 0.0398366 0.0314439 0.0297212 0.0208103 0.0404983 0.0152953 0.0152553 0.0149182 0.00969044 0.00819744 0.0137327 0.00682162 0.00586754 0.00107644 0.00102165 6.5918e-05
threshold=73.387500000000003 88.200000000000017 1.0000000180025095e-35 87.478750000000005 12.150000000000002 1.0000000180025095e-35 146.50000000000003 2.2500000000000004 58.95000000000001 1201.0000000000002 78.963750000000019 1.0000000180025095e-35 1.5000000000000002 87.200000000000017 6.6000000000000005 634.00000000000011 2.2500000000000004 81.758750000000006 23.575000000000003 517.00000000000011 1.0000000180025095e-35 384.50000000000006 0.78500000000000014 0.79500000000000015 56.70000000000001 26.000000000000004 1.5000000000000002 0.83500000000000008 25.340000000000003 1.0000000180025095e-35
decision_type=2 2 2 2 2 2 2 2 2 2 2 2 2 2 2 2 2 2 2 2 2 2 2 2 2 2 2 2 2 2
left_child=9 8 3 7 23 6 -6 10 11 -1 -3 15 13 -13 22 25 19 18 -16 -5 -19 -14 -10 24 -4 -2 27 28 -11 -7
right_child=1 2 4 16 5 29 -8 -9 14 26 -12 12 21 -15 17 -17 -18 20 -20 -21 -22 -23 -24 -25 -26 -27 -28 -29 -30 -31
leaf_value=-0.080075750423945297 -0.093409638142914739 -0.037060519033073468 -0.080691750053008493 0.014159570924008385 0.013433255286355084 0.080739248544491868 0.082984573492508568 -0.073833615159777738 0.083978231824748686 0.012770208393088976 0.065189728739676892 0.0066625664057502997 -0.063376029131356815 -0.07757212757348951 0.080640093875078492 0.0043789562865853031 0.11607480147967898 0.033874809419444658 -0.083405244948508081 0.082434345525890254 0.081365088691842405 0.083684321298523601 -0.080081442152891591 -0.080082458973671097 0.12143094768455463 -0.046860829653356521 -0.08407685430437116 0.082000252080047395 0.08351878683946605 0.080025860331980767
leaf_weight=6.0838922676393858 0.041701441368784731 0.082617653213674092 0.0053011465060989194 0.029685554967727512 0.79127748653991126 1.052531809240463 0.49558678557514213 0.20655130175873637 0.0026948582381008937 0.0030953770110498926 0.13180161756463349 0.94717116198444251 0.0046989985185064134 0.038172481479705311 0.022288079857389675 0.063370232353918254 0.19022436370141804 0.053876938705798127 0.016960578781436197 0.071772157883970067 0.2203142253420084 0.072982003810466267 0.015894845519142109 0.070115354992594803 0.0036206565018801484 0.038985443934507202 0.0015512760364799752 0.026111238403245807 0.0022601198870688677 3.9025114732648944
leaf_count=192672 27 20 32 44 336 1638 288 15 15 39 40 2592 159 432 120 15 19 170 1272 32 2150 954 1145 3312 72 21 121 253 19 8840
internal_value=8.03447e-10 0.0565671 0.0657035 0.0262357 0.0701533 0.0719392 0.0402183 -0.0230899 0.0148147 -0.0792775 0.0257918 0.00307718 0.00861609 0.00339929 0.0574861 -0.0377955 0.0974248 0.0642346 0.00975095 0.0624578 0.0720335 0.0747885 -0.0562985 -0.0708921 0.00133392 -0.0709187 0.0678113 0.0752992 0.0426274 0.0801774
internal_weight=14.6896 8.57271 7.0336 0.712653 6.32094 6.24191 1.28686 0.420971 1.53911 6.11691 0.214419 1.20708 1.06302 0.985344 0.33203 0.144057 0.291682 0.31344 0.0392487 0.101458 0.274191 0.077681 0.0185897 0.0790372 0.0089218 0.0806869 0.033018 0.0314667 0.0053555 4.95504
internal_count=216864 23760 14688 170 14518 11102 624 75 9072 193104 60 4200 4137 3024 4872 63 95 3712 1392 76 2320 1113 1160 3416 104 48 432 311 58 10478
is_linear=0
shrinkage=0.08


Tree=47
num_leaves=31
num_cat=0
split_feature=28 32 11 28 8 28 20 14 1 28 6 22 3 32 12 9 9 10 8 13 12 12 9 7 12 7 2 9 0 0
split_gain=8.66933 0.510631 0.190864 0.231093 0.230526 0.127764 0.0967604 0.0773072 0.0736027 0.0791224 0.0764266 0.0622092 0.0866438 0.0612833 0.0425633 0.0395743 0.029652 0.054145 0.0246247 0.0244056 0.0236072 0.0212336 0.0139808 0.0106277 0.00737185 0.00537122 0.00188847 0.00166493 0.0031841 0.00116713
threshold=73.387500000000003 89.750000000000014 1.0000000180025095e-35 79.857500000000016 1.0000000180025095e-35 90.242500000000021 1201.0000000000002 60.050000000000004 56.20000000000001 81.758750000000006 23.030000000000005 207.50000000000003 30.500000000000004 87.200000000000017 136.50000000000003 1.5000000000000002 1.0000000180025095e-35 1.0000000180025095e-35 1.0000000180025095e-35 23.850000000000005 552.50000000000011 203.00000000000003 1.0000000180025095e-35 0.78500000000000014 384.50000000000006 0.82500000000000007 158.74800000000002 1.0000000180025095e-35 31.500000000000004 41.500000000000007
decision_type=2 2 2 2 2 2 2 2 2 2 2 2 2 2 2 2 2 2 2 2 2 2 2 2 2 2 2 2 2 2
left_child=6 8 3 16 5 7 -1 -4 13 10 20 12 -5 15 -6 18 19 -18 -2 -3 -10 -11 -23 -12 -17 -8 -7 -27 -29 -15
right_child=1 2 4 11 14 26 25 -9 9 21 23 -13 -14 29 -16 24 17 -19 -20 -21 -22 22 -24 -25 -26 27 -28 28 -30 -31
leaf_value=-0.080070776883176528 -0.049652792953449917 0.029737389379758526 -0.046981144892411113 0.00052437023979515619 -0.080047979961005725 0.07548803247695493 -0.080433069012578698 0.031268449377888474 -0.082488267549417862 -0.073862718882386103 0.086380011551500976 0.083186418808339962 0.084459181103187023 -0.081734062486156958 0.080175086686827324 -0.080198253018503071 -0.080059832586688792 0.020270554999782388 0.0059010756464575008 -0.016177721899212724 0.088976671100972529 0.040591451559482288 0.070402660514367596 -0.084904528154676057 0.080107789450672942 0.082030918140261463 0.094181388741250135 -0.084171450719680727 0.083152923026895739 -0.040818764503440658
leaf_weight=5.1566529316833112 0.054420181728346284 0.14431236175005302 0.15950990049168456 0.17982768574802321 0.010638303342602629 0.071900912997080013 0.0015014229065853915 0.16376417095307261 0.0060599755515795542 0.008105625762254931 0.002409829292446374 0.46077677952416707 0.13997971400021925 0.053094101479473466 4.1693199238943635 0.0019056655801250591 0.082753531401976943 0.058946255303453654 0.82822913256495667 0.15226025316223968 0.033812263980507851 0.18399754099118582 0.22235095684300177 0.061081354548150557 0.050172267743619159 0.024241372011601925 0.066647427505813539 0.0011725760996341697 0.001919138478115201 0.0048713889636928789
leaf_count=192672 18 64 32 90 806 39 49 28 72 259 30 300 135 1485 10478 132 21 42 2304 48 168 2160 1984 2320 660 203 13 107 73 72
internal_value=-2.65797e-09 0.0557537 0.0664434 0.0382696 0.0738413 0.0202054 -0.0792536 -0.00734147 0.0142787 0.0387295 -0.0238895 0.0643713 0.0372626 0.00152439 0.0797673 0.00647428 -0.00821889 -0.038323 0.00247587 0.00616459 0.0629166 0.0543465 0.0569039 -0.0784034 0.0742418 0.0668873 0.0844803 0.0749797 0.0196928 -0.0782956
internal_weight=12.5566 7.37115 5.86064 1.21886 4.64178 0.461822 5.18549 0.323274 1.51051 0.517818 0.103363 0.780584 0.319807 0.992693 4.17996 0.934727 0.438272 0.1417 0.882649 0.296573 0.0398722 0.414454 0.406348 0.0634912 0.0520779 0.0288345 0.138548 0.0273331 0.00309171 0.0579655
internal_count=216864 23760 12096 700 11396 112 193104 60 11664 6993 2590 525 225 4671 11284 3114 175 63 2322 112 240 4403 4144 2350 792 432 52 383 180 1557
is_linear=0
shrinkage=0.08


Tree=48
num_leaves=31
num_cat=0
split_feature=28 32 11 8 21 28 20 28 1 20 8 32 12 31 6 10 9 16 7 2 7 32 0 32 10 3 10 1 10 9
split_gain=7.2859 0.498365 0.173012 0.206583 0.201684 0.105831 0.0680589 0.0652271 0.0678763 0.0641839 0.0522 0.052177 0.0451156 0.0381811 0.0905618 0.0378924 0.0358858 0.0238496 0.00791772 0.00174418 0.00173208 0.00604174 0.00124221 0.00037871 0.000126658 6.98363e-05 4.83557e-05 9.22206e-06 2.46463e-06 2.05528e-06
threshold=69.282500000000013 89.750000000000014 1.0000000180025095e-35 1.0000000180025095e-35 146.50000000000003 90.242500000000021 844.00000000000011 78.657500000000013 56.20000000000001 1170.0000000000002 1.5000000000000002 87.200000000000017 136.50000000000003 95.480000000000018 23.305000000000003 1.0000000180025095e-35 1.0000000180025095e-35 16.100000000000005 0.77000000000000013 158.74800000000002 0.79500000000000015 52.800000000000004 41.500000000000007 46.700000000000003 1.0000000180025095e-35 30.500000000000004 1.0000000180025095e-35 56.20000000000001 1.0000000180025095e-35 1.0000000180025095e-35
decision_type=2 2 2 2 2 2 2 2 2 2 2 2 2 2 2 2 2 2 2 2 2 2 2 2 2 2 2 2 2 2
left_child=28 7 4 5 9 6 -4 18 11 10 -3 16 -5 14 -10 -15 -9 -11 -2 -7 21 -20 -13 -22 25 -6 -14 -26 29 -1
right_child=1 2 3 12 24 19 -8 8 13 17 -12 22 26 15 -16 -17 -18 -19 20 -21 23 -23 -24 -25 27 -27 -28 -29 -30 -31
leaf_value=-0.080282836529082663 0.078655498178004463 -0.00724018754981015 -0.046105277332501048 -0.080039727858931722 0.08516239470808451 0.07397903971385264 0.030004019940196885 0.00092237889290493506 0.050200028952980189 0.018373116517931682 0.078743155245401056 -0.081461623686542153 0.080728448350757237 0.018907852449968107 -0.080953232991506835 0.081487166690128301 0.050675369988374575 0.092141669217864208 0.12877973342463528 0.093018127780756008 -0.05816340015392827 -0.081318154563524633 -0.036009032455678047 -0.081699535754164748 0.081614957932488116 0.081907055316659469 0.080018891910501516 0.080378467252415736 -0.080033723991484534 -0.080052678621488002
leaf_weight=0.53941971074800665 0.0022129976114227947 0.52387270737563063 0.13815663352761509 0.011284182587587899 0.13542716333176941 0.063374111399753019 0.16500061238184571 0.73630197238162487 0.11000675762988976 0.044801594245654996 0.049453551348051406 0.044981232240388636 0.79228503482591017 0.095614166217274033 0.048573023284916417 0.1757565635634819 0.10615922305260028 0.075012387213064358 0.00116794681889587 0.059903516550548375 0.0048066512590594348 0.0035043053767367383 0.0042082262998519573 0.048765128224658838 0.15032966856961139 0.061252230778336525 2.7421821817697483 0.051941638099378906 3.3455116207442188 0.46012248741408257
leaf_count=11440 18 252 32 1209 24 39 36 1372 377 50 98 1485 1701 260 2990 2330 1050 50 22 13 419 77 72 3352 120 48 9180 108 159280 19360
internal_value=-2.13257e-09 0.0539677 0.0655879 0.0733411 0.0373875 0.0207333 -0.00468096 0.011388 0.0151052 0.0113052 0.0001765 0.00251559 0.0796681 0.041214 0.0100278 0.0594381 0.00719179 0.0645577 -0.0698703 0.0832306 -0.0755136 -0.0287989 -0.0775731 -0.0795878 0.082703 0.0841486 0.0801779 0.0812974 -0.0800667 -0.0801769
internal_weight=10.7914 6.44634 5.06428 3.97219 1.09209 0.426435 0.303157 1.38206 1.3216 0.69314 0.573326 0.891651 3.54575 0.429951 0.15858 0.271371 0.842461 0.119814 0.060457 0.123278 0.058244 0.00467225 0.0491895 0.0535718 0.398951 0.196679 3.53447 0.202271 4.34505 0.999542
internal_count=216864 26784 12960 12210 750 120 68 13824 9936 450 350 3979 12090 5957 3367 2590 2422 100 3888 52 3870 99 1557 3771 300 72 10881 228 190080 30800
is_linear=0
shrinkage=0.08


Tree=49
num_leaves=31
num_cat=0
split_feature=28 32 11 28 8 28 28 9 32 1 22 3 2 28 6 12 9 4 16 10 12 7 10 7 2 2 10 10 8 10
split_gain=6.12645 0.436998 0.16095 0.185753 0.184289 0.0865292 0.0567918 0.0663034 0.052115 0.0558494 0.0511684 0.0634311 0.0459043 0.0423146 0.0791802 0.0379311 0.0229272 0.0389856 0.0183217 0.0119209 0.00937379 0.00901836 0.0118691 0.00754169 0.00155583 0.000910274 0.000134954 3.9421e-05 2.30242e-05 1.98189e-06
threshold=69.282500000000013 89.750000000000014 1.0000000180025095e-35 79.857500000000016 1.0000000180025095e-35 90.242500000000021 79.300000000000026 1.0000000180025095e-35 87.200000000000017 60.900000000000006 207.50000000000003 30.500000000000004 158.74800000000002 87.478750000000005 23.230000000000004 136.50000000000003 1.0000000180025095e-35 43.500000000000007 11.9 1.0000000180025095e-35 384.50000000000006 0.84500000000000008 1.0000000180025095e-35 0.78500000000000014 158.74800000000002 171.50000000000003 1.0000000180025095e-35 1.0000000180025095e-35 1.0000000180025095e-35 1.0000000180025095e-35
decision_type=2 2 2 2 2 2 2 2 2 2 2 2 2 2 2 2 2 2 2 2 2 2 2 2 2 2 2 2 2 2
left_child=29 6 3 16 5 12 20 8 9 -8 11 -5 -4 14 -9 -6 18 -18 -3 -15 28 23 -23 -22 -7 -10 -12 -17 -2 -1
right_child=1 2 4 10 15 24 7 13 25 -11 26 -13 -14 19 -16 27 17 -19 -20 -21 21 22 -24 -25 -26 -27 -28 -29 -30 -31
leaf_value=-0.080169369890834979 -0.085645613429363332 -0.015707668169091058 0.027402240003461715 0.0027000452965990104 -0.080036491078418662 0.072236690612299592 0.0022720525827643156 0.092311780271420008 -0.080264931358121905 0.079768342351960148 0.084324628688390413 0.082981117755067543 -0.03768501790858822 0.089425156185693008 -0.030966548695269255 0.080709618891805612 -0.063660794141743818 0.043944968527751246 0.0272939611093269 0.047601435281108398 0.088370874193898052 -0.069867248459132211 0.045438318529177874 -0.078120911177441382 0.091346197558496864 -0.03643599965818628 0.081212618075473475 0.080016120133562949 -0.08017782791524812 -0.080030926474180794
leaf_weight=0.86416476049635127 0.005803699279567697 0.13134672271371517 0.15078891515077009 0.1514093969744863 0.0094879491671239213 0.056487335154088214 0.72586992196920597 0.052486365772892896 0.04467052472227806 0.064832150434995128 0.18162957024469506 0.10785733877855819 0.128402721204111 0.10580543289142952 0.091429035748660681 0.6799525034875854 0.089214379575423663 0.028410399345375481 0.12260467262240127 0.074204802760505117 0.0018986415816470972 0.0087887384797795676 0.016328003372109379 0.021005953472013061 0.052712684380821884 0.0032535934515180989 0.17521973214752506 2.2958127393867462 0.032695237817279121 2.825760770114357
leaf_count=30800 35 80 51 90 1209 39 1742 814 2061 1287 72 135 17 484 1375 1701 45 36 64 1705 12 168 819 297 13 36 228 9180 2989 159280
internal_value=-9.44464e-10 0.0526571 0.0646057 0.0362027 0.0729211 0.0210835 0.0109367 0.0155903 0.00371649 0.00862622 0.0631453 0.0360977 -0.00253197 0.046331 0.0139934 0.0796654 -0.00847134 -0.0376703 0.005053 0.0721844 -0.051593 -0.0280156 0.00509111 -0.0643198 0.0814612 -0.0772894 0.0827966 0.0801746 -0.0810021 -0.0800633
internal_weight=9.30033 5.61041 4.36134 0.987692 3.37364 0.388392 1.24907 1.16255 0.838626 0.790702 0.616116 0.259267 0.279192 0.323926 0.143915 2.98525 0.371576 0.117625 0.253951 0.18001 0.0865203 0.0480213 0.0251167 0.0229046 0.1092 0.0479241 0.356849 2.97577 0.0384989 3.68993
internal_count=216864 26784 12960 750 12210 120 13824 9504 5126 3029 525 225 68 4378 2189 12090 225 81 144 2189 4320 1296 987 309 52 2097 300 10881 3024 190080
is_linear=0
shrinkage=0.08


Tree=50
num_leaves=31
num_cat=0
split_feature=28 32 11 8 21 28 20 9 28 16 1 2 8 11 12 8 16 6 12 6 21 2 21 10 3 10 8 8 10 9
split_gain=5.15524 0.378515 0.147449 0.168121 0.166974 0.0750098 0.0505854 0.047759 0.0699751 0.0539216 0.051992 0.0399667 0.0398493 0.036106 0.0319382 0.0266168 0.019825 0.0180005 0.015696 0.0295294 0.0113517 0.00144366 0.000599778 7.43375e-05 4.44913e-05 3.21529e-05 2.05153e-05 5.18628e-06 1.61523e-06 1.27731e-06
threshold=69.282500000000013 89.750000000000014 1.0000000180025095e-35 1.0000000180025095e-35 146.50000000000003 90.242500000000021 1170.0000000000002 1.0000000180025095e-35 81.758750000000006 6.6000000000000005 60.900000000000006 158.74800000000002 1.5000000000000002 1.0000000180025095e-35 136.50000000000003 1.5000000000000002 16.100000000000005 23.600000000000005 634.00000000000011 23.575000000000003 146.50000000000003 158.74800000000002 281.00000000000006 1.0000000180025095e-35 30.500000000000004 1.0000000180025095e-35 1.0000000180025095e-35 1.5000000000000002 1.0000000180025095e-35 1.0000000180025095e-35
decision_type=2 2 2 2 2 2 2 2 2 2 2 2 2 2 2 2 2 2 2 2 2 2 2 2 2 2 2 2 2 2
left_child=28 7 4 5 6 11 12 9 13 -2 15 -4 -3 17 -5 -11 -8 -9 19 -10 -12 -7 -15 24 -6 -16 -20 -25 29 -1
right_child=1 2 3 14 23 21 16 8 18 10 20 -13 -14 22 25 -17 -18 -19 26 -21 -22 -23 -24 27 -26 -27 -28 -29 -30 -31
leaf_value=-0.080256247359464836 -0.080153385493880069 -0.0075308556085775507 0.025711463602222866 -0.080033650229890854 0.0845093607323954 0.07085083252991016 0.016684592731203637 0.073717633214380754 0.061254354923500655 -0.0043472102976419638 -0.080805306810728436 -0.038113348184261313 0.078327930409626281 -0.086486702137070201 0.08069118409822329 0.059028614726715362 0.091352816691422006 -0.033018139590551859 0.083188871382903318 -0.029499044291824525 0.087346212292464462 0.090230812601047025 -0.050999139093562178 0.081357415690053933 0.081549451193758435 0.080013782982517892 0.080493292941782799 0.080013771931933417 -0.080028278125780783 -0.080045477832871817
leaf_weight=0.41646321626831229 0.049910878743503195 0.44483622295865677 0.14406342601432731 0.0079894506779968344 0.11137019575107843 0.052016401838045567 0.036944774325093022 0.021972340282445657 0.096705116601697227 0.65754149837812292 0.0026977048510161685 0.11130387046796386 0.037514043150622456 0.035240495471043687 0.58486679656198415 0.045336286620113242 0.059260955560603179 0.018733927837274678 0.02281891624443233 0.030084546960097214 0.054042055056925165 0.046673610107973218 0.0033366120887876596 0.13202692058985122 0.045894533730461262 1.9225533346107098 0.086823581630596891 0.021359552971262019 2.3888839819101122 0.32969838062399504
leaf_count=11440 3029 252 51 1209 24 39 50 60 960 1976 396 17 98 2470 1701 570 50 75 15 1428 1485 13 380 156 48 9180 980 72 159280 19360
internal_value=-1.68649e-09 0.0513917 0.0635775 0.072398 0.0351137 0.020784 0.00971118 0.0106873 0.0370787 0.0003947 0.00568713 -0.00210709 -0.000853322 -0.0279606 0.0796629 -0.000259409 0.0626788 0.0245955 0.0588885 0.0397205 0.0793514 0.0800162 -0.0834173 0.0824234 0.0836456 0.0801718 0.0810543 0.0811703 -0.0800604 -0.0801631
internal_weight=8.01896 4.88392 3.75867 2.86947 0.889207 0.354057 0.578556 1.12524 0.315716 0.809528 0.759618 0.255367 0.48235 0.0792834 2.51541 0.702878 0.0962057 0.0407063 0.236432 0.12679 0.0567398 0.09869 0.0385771 0.310651 0.157265 2.50742 0.109642 0.153386 3.13505 0.746162
internal_count=216864 26784 12960 12210 750 120 450 13824 6368 7456 4427 68 350 2985 12090 2546 100 135 3383 2388 1881 52 2850 300 72 10881 995 228 190080 30800
is_linear=0
shrinkage=0.08


Tree=51
num_leaves=31
num_cat=0
split_feature=28 32 11 28 8 28 13 1 28 6 22 3 32 12 9 12 3 5 12 31 11 19 16 28 32 0 0 10 10 1
split_gain=4.33747 0.325539 0.140992 0.163885 0.156006 0.067216 0.0585256 0.0442013 0.053479 0.0465533 0.0404126 0.0485704 0.0347469 0.0269536 0.0216941 0.0248208 0.0191183 0.0279284 0.0183393 0.0161572 0.0155835 0.0133007 0.00949927 0.00872403 0.00688957 0.00199516 0.00478303 7.51432e-05 2.55706e-05 1.21648e-05
threshold=69.282500000000013 89.750000000000014 1.0000000180025095e-35 79.857500000000016 1.0000000180025095e-35 78.963750000000019 19.500000000000004 56.20000000000001 81.758750000000006 23.030000000000005 207.50000000000003 30.500000000000004 87.200000000000017 136.50000000000003 1.0000000180025095e-35 560.00000000000011 31.500000000000004 2.2500000000000004 552.50000000000011 95.480000000000018 1.0000000180025095e-35 385.50000000000006 11.9 82.612500000000011 46.700000000000003 41.500000000000007 42.500000000000007 1.0000000180025095e-35 1.0000000180025095e-35 55.850000000000009
decision_type=2 2 2 2 2 2 2 2 2 2 2 2 2 2 2 2 2 2 2 2 2 2 2 2 2 2 2 2 2 2
left_child=-1 7 3 16 5 -4 -7 12 9 18 11 -5 14 -6 15 -2 22 -18 -9 -16 23 -22 -3 -10 -11 29 -27 -12 -15 -14
right_child=1 2 4 10 13 6 -8 8 20 24 27 -13 25 28 19 -17 17 -19 -20 -21 21 -23 -24 -25 -26 26 -28 -29 -30 -31
leaf_value=-0.080058107937952025 -0.030407731439980941 -0.011140227986893928 -0.054586337454675692 0.0047834678373514091 -0.080032079454087829 0.0073479868548934225 0.084505421664472127 -0.081640964645952982 0.1826741634638423 0.039543354573615672 0.083716757428638128 0.082085873880293064 -0.080286222399607934 0.080664744166047311 -0.027902640845732171 0.0076526338150348363 -0.0061395211500595804 -0.077510736617846424 0.095344848977133356 0.062621466948568932 0.047150935752407148 -0.084977425814280375 0.027111567463392265 0.081073151634867127 -0.085164045087332649 0.12757351543899645 -0.080314501353956222 0.081077969861138716 0.080011843978688837 -0.083944831404761638
leaf_weight=2.6676309585363924 0.1478782026056249 0.086151390545638029 0.062232846688857868 0.12779729614339885 0.0067430506278473015 0.15907973880530335 0.1040828765835613 0.0046392624067266288 0.0072761207993605739 0.003042869330784014 0.14405862203420838 0.087729398379451595 0.027465456161280599 0.50327131529775337 0.016013587488941994 0.42431517750083003 0.097083405174089421 0.054951237831119215 0.019482719869301945 0.059524420647903753 0.22504745786227454 0.0049839646840155174 0.080255748791387305 0.021075717779240222 0.041548486228293768 0.0010245170992675403 0.0022949474532651948 0.13267168560560094 1.618659794810809 0.0073790592232398913
leaf_count=190080 1372 60 28 90 1209 52 40 192 44 235 72 135 1639 1701 675 686 90 27 168 900 3968 248 48 143 3290 44 44 228 9180 176
internal_value=1.49302e-09 0.0499246 0.0622177 0.0332926 0.071773 0.0201829 0.0378644 0.0103054 0.0345042 -0.0282229 0.0622226 0.0362491 -0.00123485 0.0796592 0.00313583 -0.00218372 -0.0114283 -0.0319359 0.061306 0.0434309 0.0511856 0.0442882 0.00730806 0.107148 -0.0766541 -0.0754153 -0.0161521 0.0824517 0.0801667 -0.081061
internal_weight=6.94539 4.27776 3.26477 0.810699 2.45407 0.325395 0.263163 1.01299 0.327097 0.0687133 0.492257 0.215527 0.685895 2.12867 0.647731 0.572193 0.318442 0.152035 0.024122 0.075538 0.258383 0.230031 0.166407 0.0283518 0.0445914 0.038164 0.00331946 0.27673 2.12193 0.0348445
internal_count=216864 26784 12960 750 12210 120 92 13824 8288 3885 525 225 5536 12090 3633 2058 225 117 360 1575 4403 4216 108 187 3525 1903 88 300 10881 1815
is_linear=0
shrinkage=0.08


Tree=52
num_leaves=31
num_cat=0
split_feature=28 16 10 21 6 13 1 16 7 12 14 31 6 29 13 0 28 8 2 18 12 21 7 12 8 7 7 9 10 9
split_gain=3.66078 0.300952 0.0858139 0.134945 0.0947224 0.0955311 0.0666204 0.0444589 0.0421016 0.0760936 0.0687654 0.0302464 0.0386426 0.0282137 0.0211203 0.0500564 0.0112546 0.0414884 0.00968592 0.00767282 0.00132233 0.00123952 0.00112747 0.00110434 0.00133064 5.64397e-05 4.80704e-06 3.05137e-06 1.03828e-06 7.66162e-07
threshold=69.282500000000013 11.300000000000002 1.0000000180025095e-35 146.50000000000003 22.665000000000003 21.500000000000004 56.20000000000001 6.6000000000000005 0.84500000000000008 560.00000000000011 16.050000000000004 84.385000000000005 22.845000000000002 99.600000000000009 14.550000000000002 23.500000000000004 76.421250000000015 1.0000000180025095e-35 156.50000000000003 8.0520000000000014 552.50000000000011 67.000000000000014 0.79500000000000015 483.00000000000006 1.0000000180025095e-35 0.81500000000000006 0.83500000000000008 1.0000000180025095e-35 1.0000000180025095e-35 1.0000000180025095e-35
decision_type=2 2 2 2 2 2 2 2 2 2 2 2 2 2 2 2 2 2 2 2 2 2 2 2 2 2 2 2 2 2
left_child=28 6 3 4 27 -6 7 -2 10 -10 -9 12 20 22 15 -4 17 -16 -15 -14 -8 -18 -13 24 -5 -25 -17 -3 29 -1
right_child=1 2 14 23 5 -7 11 8 9 -11 -12 13 19 18 16 26 21 -19 -20 -21 -22 -23 -24 25 -26 -27 -28 -29 -30 -31
leaf_value=-0.080230554988070343 -0.080297784305799591 0.080940889333410801 -0.085321610032918369 0.12072198750627379 -0.022568372075766594 0.096309499221356371 0.012634142664148834 0.036372803364965504 0.070593159707882408 -0.00018207515424143353 -0.027937261807495228 -0.0065308486058572746 -0.08556925279938192 0.0380128633615281 -0.071120515599963519 0.081937738512224606 0.067989236632005692 0.082718834773463826 0.062101416996903178 -0.0017911388103850337 0.089189978952021409 0.081066549696065165 -0.083245376019816034 0.083024040284404979 0.083962609815416395 0.080767629171278998 0.080009930119896461 0.080021636154504153 -0.080024742536466797 -0.080041026023421974
leaf_weight=0.32228570426104886 0.036172053199607257 0.076978778233751988 0.017013211967423447 0.010474077425897121 0.2886845680186525 0.050890235514088999 0.0015870266151978276 0.1617127521240036 0.16670743797158138 0.23325323763856431 0.31117758818709262 0.0013940978074060703 0.025721167564825009 0.17717580411363087 0.014785776380449422 0.012603836687048897 0.048011817991209571 0.046515088411979377 0.26907628089429636 0.0096105343973249546 0.01602059858123539 1.3706703219941117 0.010175242752211489 0.10782747007033322 0.015823713423742447 0.20741945191912237 0.024119603513099719 0.033024809818016365 1.7152528883616467 0.23680492448829682
leaf_count=11440 2595 176 21 1 324 72 114 258 1950 1300 817 36 1920 2461 4 57 362 358 3496 1200 133 6878 1000 50 69 650 284 198 159280 19360
internal_value=1.39357e-09 0.0486227 0.0663462 0.0449457 0.0161474 -0.00475279 0.0196012 0.00661138 0.010213 0.0293177 -0.00594536 0.0427198 -0.0145304 0.0493398 0.077385 0.0281176 0.0791738 0.0456128 0.0525375 -0.0627809 0.0822898 0.080624 -0.0740013 0.0828533 0.0986034 0.0815394 0.0806716 0.0806649 -0.0800556 -0.0801503
internal_weight=6.01897 3.74463 2.32484 0.791123 0.449578 0.339575 1.41978 0.909023 0.872851 0.399961 0.47289 0.510761 0.0529393 0.457821 1.53372 0.0537367 1.47998 0.0613009 0.446252 0.0353317 0.0176076 1.41868 0.0115693 0.341545 0.0262978 0.315247 0.0367234 0.110004 2.27434 0.559091
internal_count=216864 26784 9504 1540 770 396 17280 6920 4325 3250 1075 10360 3367 6993 7964 362 7602 362 5957 3120 247 7240 1036 770 70 700 341 374 190080 30800
is_linear=0
shrinkage=0.08


Tree=53
num_leaves=31
num_cat=0
split_feature=28 16 10 21 13 6 1 16 9 8 28 8 13 1 8 20 22 19 7 17 21 7 8 11 7 21 10 9 13 7
split_gain=3.09228 0.352657 0.0749662 0.106546 0.0931015 0.146315 0.047138 0.0325408 0.0310971 0.0251149 0.0229065 0.0405504 0.0253401 0.0216532 0.0146672 0.0185167 0.0125636 0.009647 0.0068946 0.00185078 0.000499746 0.00030524 0.000163766 0.000148924 6.17411e-05 5.09325e-05 8.42709e-07 6.06066e-07 2.22008e-07 1.86086e-07
threshold=69.282500000000013 11.300000000000002 1.0000000180025095e-35 146.50000000000003 21.500000000000004 22.665000000000003 56.20000000000001 6.6000000000000005 1.5000000000000002 1.5000000000000002 81.758750000000006 1.0000000180025095e-35 18.100000000000005 57.150000000000006 1.0000000180025095e-35 806.50000000000011 38.500000000000007 385.50000000000006 0.79500000000000015 27.500000000000004 46.000000000000007 0.81500000000000006 1.0000000180025095e-35 1.0000000180025095e-35 0.81500000000000006 146.50000000000003 1.0000000180025095e-35 1.0000000180025095e-35 25.900000000000002 0.81500000000000006
decision_type=2 2 2 2 2 2 2 2 2 2 2 2 2 2 2 2 2 2 2 2 2 2 2 2 2 2 2 2 2 2
left_child=26 6 3 4 5 -3 7 28 9 -9 11 16 -13 18 15 19 -8 -15 -12 -4 -10 -6 -5 25 -24 -16 27 29 -2 -1
right_child=1 2 14 22 21 -7 10 8 20 -11 13 12 -14 17 23 -17 -18 -19 -20 -21 -22 -23 24 -25 -26 -27 -28 -29 -30 -31
leaf_value=-0.080340566069898145 -0.080172460152560562 0.080818495779402005 0.038338044467532958 0.088230989876025984 0.093934123051863508 -0.036593592279653468 0.00028976173447921348 -0.0041737218457883144 0.046504375813962842 0.06073683004312324 0.18055499187801893 -0.080411055623172092 0.051897010786345774 0.04517679298095665 0.083506305163221869 0.088694777073495407 -0.088532797554081596 -0.083898869637553872 0.062880184606349157 0.013420960732282407 0.080106297933423873 0.083828927385218327 0.083004880145018736 0.080008703123577871 0.080557763696527299 0.080970972092429289 -0.080022749974669183 -0.080038548050981331 -0.080703355983369363 -0.080184957725962111
leaf_weight=0.063143728220893425 0.024675539571944904 0.097438005446747744 0.042641348860342876 0.024960988492239267 0.025373535652761348 0.22427970147691667 0.016233634715717926 0.64503980976678577 0.0031100843402782621 0.040546879090925358 0.010035823550424539 0.010389944189682865 0.085517332382096356 0.22745940654567676 0.11270840674842486 0.052736827725311741 0.027383204069337808 0.0037671894037885059 0.0046690819963259864 0.034525414608651772 0.031761260768689681 0.077756534061336424 0.1052361953916261 1.0552559989700963 0.17691191009726026 0.09219145447423216 1.4483637138018819 0.20294929157671504 0.0063354588610309284 0.22248292394215241
leaf_count=880 2249 306 32 11 10 324 21 2450 264 775 20 2304 2816 4731 198 40 39 249 180 16 836 130 55 7480 704 198 159280 19360 346 10560
internal_value=-1.47657e-09 0.0475794 0.0668423 0.0461207 0.0201702 -0.00103323 0.0116263 -4.0201e-05 0.00341364 -0.00033479 0.0343709 0.00847896 0.0375637 0.0490601 0.0777535 0.0521589 -0.0554742 0.0430739 0.143191 0.0271898 0.0771094 0.0863152 0.08202 0.0803919 0.0814705 0.0823656 -0.0800534 -0.0801443 -0.0802809 -0.0802194
internal_weight=5.19588 3.25894 2.12202 0.731957 0.424848 0.321718 1.13692 0.751469 0.720458 0.685587 0.385456 0.139524 0.0959073 0.245932 1.39006 0.129904 0.0436168 0.231227 0.0147049 0.0771668 0.0348713 0.10313 0.307109 1.26016 0.282148 0.2049 1.93694 0.488576 0.031011 0.285627
internal_count=216864 26784 9504 1540 770 630 17280 6920 4325 3225 10360 5180 5120 5180 7964 88 60 4980 200 48 1100 140 770 7876 759 396 190080 30800 2595 11440
is_linear=0
shrinkage=0.08


Tree=54
num_leaves=31
num_cat=0
split_feature=28 16 10 12 6 1 21 12 6 16 9 28 8 1 13 17 8 20 28 12 19 13 22 21 11 21 12 9 10 9
split_gain=2.61325 0.298092 0.0754481 0.127681 0.084597 0.0472309 0.0345064 0.044025 0.0311051 0.0275924 0.0262676 0.0261703 0.0422417 0.0335751 0.0208604 0.0207442 0.0145142 0.0192577 0.0246994 0.00929635 0.00795944 0.00615038 0.00551061 0.000503126 0.000125006 4.48128e-05 1.53471e-05 7.00361e-07 6.84257e-07 4.7223e-07
threshold=69.282500000000013 11.300000000000002 1.0000000180025095e-35 328.00000000000006 22.665000000000003 56.20000000000001 100.00000000000001 362.00000000000006 23.340000000000003 6.6000000000000005 1.5000000000000002 81.758750000000006 1.0000000180025095e-35 57.150000000000006 18.100000000000005 26.000000000000004 1.0000000180025095e-35 806.50000000000011 93.096250000000012 340.50000000000006 45.000000000000007 16.700000000000003 38.500000000000007 46.000000000000007 1.0000000180025095e-35 146.50000000000003 340.50000000000006 1.0000000180025095e-35 1.0000000180025095e-35 1.0000000180025095e-35
decision_type=2 2 2 2 2 2 2 2 2 2 2 2 2 2 2 2 2 2 2 2 2 2 2 2 2 2 2 2 2 2
left_child=28 5 3 4 27 9 7 -5 -6 -2 15 12 22 21 -14 -11 17 18 -4 -8 -15 -13 -7 -12 25 -18 -19 -3 29 -1
right_child=1 2 16 6 8 11 19 -9 -10 10 23 13 14 20 -16 -17 24 26 -20 -21 -22 -23 -24 -25 -26 -27 -28 -29 -30 -31
leaf_value=-0.080207672981523634 -0.080257582524528526 0.080901753294952944 -0.015570847081441923 0.085964529310218529 -0.080101220470841727 -0.021954978499129783 0.033526032162646671 -0.0064123034042297897 0.0012676385016629241 0.010989292840475087 0.044105645238313604 0.080808758687046275 -0.080394539090501704 0.050316031843838087 0.049611898182591319 -0.018800414166098553 0.083454181129191632 0.090558302568559623 0.0816346872121336 0.082011076226540885 0.014262459119767543 0.17263743504961576 -0.087718599000447692 0.080089542028804153 0.080007529399905991 0.080922314246707303 0.087736653790046568 0.080017918949271363 -0.080020771297118695 -0.08003689064496157
leaf_weight=0.25443125151332413 0.026658328093162931 0.036371030691952799 0.041340541996760183 0.055206852965056896 0.078269790315971477 0.012172384459518071 0.027505728816322517 0.082151296315714717 0.048822479238879168 0.3814871302206484 0.0027430901122897913 0.0066849411232396952 0.0087985559366643429 0.15838479431067753 0.077262671919470449 0.24612464138181167 0.099488859668781293 0.024292833884828724 0.028101657182560302 0.31691546568981721 0.052073798960918793 0.015470972360617452 0.024706371858883358 0.026616029768774752 0.88698657554778038 0.081302241182129364 0.025066210277145728 0.0068128071143291882 1.2272082117879106 0.17481821441560896
leaf_count=11440 2595 80 20 70 65 21 70 210 115 1677 264 60 2304 3237 2816 1548 198 16 28 840 1743 140 39 836 7480 198 24 90 159280 19360
internal_value=-1.04053e-09 0.0460771 0.0654338 0.0435727 -0.015974 0.011829 0.0646184 0.0307157 -0.0488434 -0.0004708 0.00276676 0.0354781 0.00562339 0.0512568 0.0363206 -0.000693058 0.0774471 0.0509212 0.023766 0.078139 0.0413953 0.144931 -0.0660123 0.0767275 0.0803983 0.0823156 0.0891254 0.0807623 -0.0800512 -0.0801381
internal_weight=4.53428 2.87782 1.83863 0.652055 0.170276 1.03918 0.481779 0.137358 0.127092 0.683629 0.656971 0.355554 0.12294 0.232615 0.0860612 0.627612 1.18658 0.118801 0.0694422 0.344421 0.210459 0.0221559 0.0368788 0.0293591 1.06778 0.180791 0.049359 0.0431838 1.65646 0.429249
internal_count=216864 26784 9504 1540 350 17280 1190 280 180 6920 4325 10360 5180 5180 5120 3225 7964 88 48 910 4980 200 60 1100 7876 396 40 170 190080 30800
is_linear=0
shrinkage=0.08


Tree=55
num_leaves=31
num_cat=0
split_feature=28 16 10 12 6 1 16 18 28 8 9 28 6 8 13 1 8 20 28 19 7 14 22 21 11 21 12 10 9 9
split_gain=2.218 0.288584 0.0575403 0.119524 0.0359137 0.0300909 0.0237622 0.0235893 0.0233621 0.0373453 0.022157 0.0211229 0.0192073 0.018553 0.0167741 0.0130505 0.0130216 0.0157542 0.020351 0.0070021 0.00507308 0.00284202 0.00108478 0.000503942 9.42372e-05 3.4859e-05 1.00063e-05 5.38039e-07 3.56506e-07 2.69643e-07
threshold=69.282500000000013 11.300000000000002 1.0000000180025095e-35 328.00000000000006 22.665000000000003 56.20000000000001 6.6000000000000005 25.415000000000003 81.758750000000006 1.0000000180025095e-35 1.5000000000000002 79.857500000000016 23.340000000000003 1.5000000000000002 23.850000000000005 57.45000000000001 1.0000000180025095e-35 806.50000000000011 93.096250000000012 385.50000000000006 0.93500000000000016 66.15000000000002 55.500000000000007 46.000000000000007 1.0000000180025095e-35 146.50000000000003 340.50000000000006 1.0000000180025095e-35 1.0000000180025095e-35 1.0000000180025095e-35
decision_type=2 2 2 2 2 2 2 2 2 2 2 2 2 2 2 2 2 2 2 2 2 2 2 2 2 2 2 2 2 2
left_child=27 5 3 4 29 6 -2 11 9 22 13 -5 -6 -8 -11 21 17 18 -4 -17 -9 -10 -7 -12 25 -18 -19 28 -1 -3
right_child=1 2 16 7 12 8 10 20 15 14 23 -13 -14 -15 -16 19 24 26 -20 -21 -22 -23 -24 -25 -26 -27 -28 -29 -30 -31
leaf_value=-0.080194444820820124 -0.08023726607970931 0.080672741702642714 -0.011626720623450819 -0.010266400988585628 -0.066068748428346952 -0.055076291297169844 -0.0040054387450207032 0.013071164434419533 0.06923549658918686 -0.062926367720540929 0.042062650097099683 0.073665157574078932 0.0015237472192668657 0.057961800335802394 0.043787975108518333 0.04084230182790851 0.08325733670193787 0.089472849091211268 0.081508437493338984 -0.08333386613338746 -0.065866786361425789 0.13153663976810642 -0.087058722999892077 0.080076847454302116 0.080006502874234026 0.080857008001408714 0.08702009234871215 -0.080019276806559625 -0.080035936350178805 0.080015452571065182
leaf_weight=0.22590018487744634 0.022945781340922955 0.01310643997567229 0.037979029642883466 0.02014623005015892 0.066901576319651213 0.010332840808587207 0.54471403303614352 0.017891363047965569 0.0076723924676116431 0.010968294223403063 0.002476398733961104 0.40447526287243818 0.045006460619333666 0.032783152207684907 0.067084831684042001 0.18886727338031051 0.085288902340835082 0.020813795243157074 0.024833820556523278 0.0029516609261008844 0.007351473963353782 0.012039740875479765 0.01978062194029917 0.022602476696192753 0.74528358005409256 0.07091924593623844 0.02178829388867598 1.0418465330574234 0.15185880389094564 0.0057454963025520547
leaf_count=11440 2595 80 20 70 65 30 2450 58 209 2816 264 1050 115 775 2304 4712 198 16 28 248 12 11 30 836 7480 198 24 159280 19360 90
internal_value=-1.3237e-09 0.0448674 0.0657044 0.0456476 -0.0216768 0.00987089 -0.000333571 0.0652164 0.029837 -0.000405451 0.00270912 0.069683 -0.0388848 -0.000487705 0.0287921 0.0453015 0.07727 0.0506653 0.0251954 0.0389315 -0.00991794 0.107288 -0.0760846 0.0763232 0.080381 0.0821676 0.0882184 -0.0800489 -0.0801307 0.0804724
internal_weight=3.95236 2.53275 1.58753 0.580624 0.13076 0.945219 0.625522 0.449864 0.319698 0.108167 0.602576 0.424621 0.111908 0.577497 0.0780531 0.211531 1.00691 0.105415 0.0628129 0.191819 0.0252428 0.0197121 0.0301135 0.0250789 0.901492 0.156208 0.0426021 1.41961 0.377759 0.0188519
internal_count=216864 26784 9504 1540 350 17280 6920 1190 10360 5180 4325 1120 180 3225 5120 5180 7964 88 48 4960 70 220 60 1100 7876 396 40 190080 30800 170
is_linear=0
shrinkage=0.08


Tree=56
num_leaves=31
num_cat=0
split_feature=28 16 10 13 6 21 8 16 22 9 28 12 8 20 17 7 21 28 11 8 7 21 12 9 7 1 10 9 10 7
split_gain=1.88472 0.275674 0.0464436 0.0586279 0.0579815 0.0813211 0.0233051 0.0283955 0.020961 0.0182663 0.0341603 0.0319317 0.0118015 0.0133416 0.00307981 0.01206 0.00169694 0.000816604 8.65416e-05 7.14783e-05 8.77989e-05 3.36726e-05 6.7731e-06 1.6896e-06 9.05034e-07 4.80237e-07 4.28033e-07 2.80657e-07 1.79565e-07 9.20685e-08
threshold=69.282500000000013 11.300000000000002 1.0000000180025095e-35 21.100000000000005 22.665000000000003 146.50000000000003 1.5000000000000002 6.6000000000000005 573.50000000000011 1.5000000000000002 87.478750000000005 351.00000000000006 1.0000000180025095e-35 806.50000000000011 39.500000000000007 0.84500000000000008 146.50000000000003 73.387500000000003 1.0000000180025095e-35 1.0000000180025095e-35 0.81500000000000006 146.50000000000003 340.50000000000006 1.0000000180025095e-35 0.84500000000000008 54.850000000000009 1.0000000180025095e-35 1.0000000180025095e-35 1.0000000180025095e-35 0.81500000000000006
decision_type=2 2 2 2 2 2 2 2 2 2 2 2 2 2 2 2 2 2 2 2 2 2 2 2 2 2 2 2 2 2
left_child=26 6 3 4 23 -6 8 -8 9 11 -11 -2 13 16 17 -16 -4 -9 21 -5 -21 -14 -15 -3 25 -10 27 29 -26 -1
right_child=1 2 12 19 5 -7 7 14 24 10 -12 -13 18 22 15 -17 -18 -19 -20 20 -22 -23 -24 -25 28 -27 -28 -29 -30 -31
leaf_value=-0.080279492440677572 -0.08037249916309222 0.080791114625401714 0.010915290904060609 0.087624312694831744 -0.022589746018078609 0.082352515639603024 -0.0800316608826145 0.038039832455757087 0.081715151336166011 -0.0085140370759929779 0.072827729359878579 -5.0679959507184224e-05 0.083300922406381567 0.088544257649403324 -0.08378281657512815 0.076711838350541642 0.03863676495508829 0.08027960939815143 0.080005654436293039 0.084400788391088097 0.080656270371690722 0.080812643802263995 0.086396869512551669 0.080016490351538239 0.080674133927918862 0.080613446743174416 -0.080017892253856859 -0.080033120745572062 0.080006482211467639 -0.080153088210107304
leaf_weight=0.048565310848062149 0.033494232890007303 0.067330822370422538 0.025841166934696735 0.016039676731452346 0.17446243646554649 0.064816321566468105 0.0094503293114485132 0.0031196237089261549 0.0061673516538576223 0.073137970211291758 0.060273187962593511 0.58362219783066394 0.078586332532722736 0.018565333739388734 0.00395640615852244 0.01234955838026508 0.031189678062219173 0.047986710451368708 0.62670764752874675 0.063574828243872616 0.10841860483196797 0.062478569510858506 0.019042320782318711 0.024607231771369698 0.0039112741978897247 0.0042962150218954775 0.88501354111713226 0.13096087396320399 0.0075636959863913944 0.15324324503285425
leaf_count=880 3552 256 16 6 324 252 1875 500 33 2210 1105 5106 198 16 182 693 32 1750 7480 30 384 198 24 288 42 44 159280 19360 188 10560
internal_value=1.87939e-09 0.0436935 0.0657419 0.0468393 0.0265851 0.00583723 0.00782598 0.0498367 0.00364579 0.00139271 0.028235 -0.00441018 0.077123 0.0504677 0.0680425 0.0377701 0.0260759 0.0777012 0.0804086 0.0825167 0.0820404 0.0821988 0.0874569 0.0805838 0.0807247 0.0812628 -0.080047 -0.0801243 0.0802341 -0.0801835
internal_weight=3.44877 2.23099 1.38166 0.51925 0.331217 0.239279 0.849329 0.0768626 0.772466 0.750528 0.133411 0.617116 0.862411 0.0946385 0.0674123 0.016306 0.0570308 0.0511063 0.767773 0.188033 0.171993 0.141065 0.0376077 0.0919381 0.0219385 0.0104636 1.21778 0.332769 0.011475 0.201809
internal_count=216864 26784 9504 1540 1120 576 17280 5000 12280 11973 3315 8658 7964 88 3125 875 48 2250 7876 420 414 396 40 544 307 77 190080 30800 230 11440
is_linear=0
shrinkage=0.08


Tree=57
num_leaves=31
num_cat=0
split_feature=28 16 10 13 21 6 22 8 12 7 21 10 8 20 21 21 11 8 7 8 21 12 7 1 10 9 10 10 7 7
split_gain=1.603 0.244545 0.0400542 0.0465204 0.0540232 0.0682623 0.0205646 0.0186738 0.023463 0.0150941 0.0317496 0.0211061 0.012046 0.0128195 0.00242153 0.00136565 6.73732e-05 5.70477e-05 5.70885e-05 3.34358e-05 2.69495e-05 7.12892e-06 7.40272e-07 4.64799e-07 3.39567e-07 2.16208e-07 1.33358e-07 1.01126e-07 7.60674e-08 6.96691e-08
threshold=69.282500000000013 11.300000000000002 1.0000000180025095e-35 21.100000000000005 146.50000000000003 22.665000000000003 573.50000000000011 1.5000000000000002 351.00000000000006 0.84500000000000008 146.50000000000003 1.0000000180025095e-35 1.0000000180025095e-35 806.50000000000011 172.50000000000003 146.50000000000003 1.0000000180025095e-35 1.0000000180025095e-35 0.81500000000000006 1.0000000180025095e-35 146.50000000000003 340.50000000000006 0.84500000000000008 54.850000000000009 1.0000000180025095e-35 1.0000000180025095e-35 1.0000000180025095e-35 1.0000000180025095e-35 0.91500000000000015 0.81500000000000006
decision_type=2 2 2 2 2 2 2 2 2 2 2 2 2 2 2 2 2 2 2 2 2 2 2 2 2 2 2 2 2 2
left_child=24 6 3 4 5 -3 7 9 -9 10 -2 -11 13 15 -10 -4 20 -5 -19 -6 -14 -15 23 -8 25 29 28 -25 -24 -1
right_child=1 2 12 17 19 -7 22 8 14 11 -12 -13 16 21 -16 -17 -18 18 -20 -21 -22 -23 26 27 -26 -27 -28 -29 -30 -31
leaf_value=-0.080259658228244726 -0.041086802246815629 0.080584430549078198 0.010358080948011548 0.087244756471182627 0.086691599492520241 -0.019670093540418175 0.081561685408633164 -0.080025198023092589 0.077342257151509608 0.0021189830043980029 0.0078270372728299238 0.049445369454878263 0.083148464634252739 0.08814761924173603 0.038098711742568438 0.036066709118151359 0.080004844378948919 0.083889078343960477 0.080608897803442228 0.081075388500544257 0.080769286026943402 0.085837481015924144 0.080118076397880197 0.080894211789530615 -0.080016741798749097 -0.080031685686836981 0.080005482616900936 0.080147345995190925 0.08082666943620298 -0.080144219519232548
leaf_weight=0.044424611412978265 0.13237103151664076 0.059601325971016195 0.024561468482715787 0.014469275425653905 0.0074055814766325048 0.16056080109046889 0.0056233140967378858 0.0079866093401506077 0.038828537235531257 0.23967017450695483 0.23696317429153169 0.080587302222284163 0.068041134574741591 0.016405029062298127 0.013583593109615322 0.028648238825553562 0.52612767647588043 0.057986214276752435 0.081945201243797783 0.080866286865784787 0.05518183948515798 0.017853174285846762 0.0015809324104338893 0.0021076737612020224 0.75298133274327506 0.11341511309728958 0.0094172307126427768 0.0025811868599703303 0.0025073125289054587 0.13555673623500297
leaf_count=880 1463 306 16 6 7 324 37 2000 1875 1638 1540 7332 198 16 1000 32 7480 30 384 483 198 24 34 5 159280 19360 273 61 22 10560
internal_value=-1.79837e-10 0.0424419 0.0650594 0.0466155 0.0286705 0.00747037 0.00737752 0.00505342 0.0477075 0.00131751 -0.0097039 0.0140279 0.076645 0.0487744 0.0671716 0.0241997 0.0803992 0.0824627 0.0819682 0.0815466 0.082083 0.0869437 0.0805608 0.0810712 -0.0800452 -0.0801182 0.0801711 0.0804831 0.0805527 -0.0801727
internal_weight=3.01984 1.97346 1.19965 0.462835 0.308434 0.220162 0.773808 0.74999 0.0603987 0.689592 0.369334 0.320257 0.736819 0.0874679 0.0524121 0.0532097 0.649351 0.154401 0.139931 0.0882719 0.123223 0.0342582 0.0238177 0.0103122 1.04638 0.293396 0.0135055 0.00468886 0.00408824 0.179981
internal_count=216864 26784 9504 1540 1120 630 17280 16848 4875 11973 3003 8970 7964 88 2875 48 7876 420 414 490 396 40 432 103 190080 30800 329 66 56 11440
is_linear=0
shrinkage=0.08


Tree=58
num_leaves=31
num_cat=0
split_feature=28 16 10 13 21 6 22 8 16 9 28 16 8 20 17 20 11 8 7 8 21 7 1 10 9 10 10 7 7 11
split_gain=1.36301 0.216208 0.0354416 0.0414572 0.047976 0.0584805 0.0178553 0.0155855 0.0195252 0.0138247 0.028219 0.0253767 0.0122417 0.0118551 0.0024226 0.00126447 4.79096e-05 3.95444e-05 4.01538e-05 3.60371e-05 1.94448e-05 5.59953e-07 3.5226e-07 2.73306e-07 1.71405e-07 1.04849e-07 7.26095e-08 6.08046e-08 5.75339e-08 3.53081e-08
threshold=69.282500000000013 11.300000000000002 1.0000000180025095e-35 21.100000000000005 146.50000000000003 22.665000000000003 573.50000000000011 1.5000000000000002 6.6000000000000005 1.5000000000000002 87.478750000000005 6.6000000000000005 1.0000000180025095e-35 806.50000000000011 39.500000000000007 730.50000000000011 1.0000000180025095e-35 1.0000000180025095e-35 0.81500000000000006 1.0000000180025095e-35 146.50000000000003 0.84500000000000008 54.850000000000009 1.0000000180025095e-35 1.0000000180025095e-35 1.0000000180025095e-35 1.0000000180025095e-35 0.81500000000000006 0.91500000000000015 1.0000000180025095e-35
decision_type=2 2 2 2 2 2 2 2 2 2 2 2 2 2 2 2 2 2 2 2 2 2 2 2 2 2 2 2 2 2
left_child=23 6 3 4 5 -3 7 9 -9 11 -11 -2 13 15 -10 -4 20 -5 -19 -6 -14 22 -8 24 27 28 -24 -1 -23 -25
right_child=1 2 12 17 19 -7 21 8 14 10 -12 -13 16 -15 -16 -17 -18 18 -20 -21 -22 25 26 29 -26 -27 -28 -29 -30 -31
leaf_value=-0.080248176644634323 -0.080351805102027607 0.08056348827765257 0.035973306812871364 0.086490722251864036 0.087047014262723932 -0.017683548672075288 0.081463331175254464 -0.080023478702995712 0.077040292289606585 -0.0093615038500472758 0.070375842707840516 -0.00012719448762804703 0.082875660761325742 0.086583090661597265 0.035134288818485626 0.01071313384970485 0.080004217520235024 0.083509628782035925 0.080583746984569327 0.081003091835474383 0.080702859398135138 0.08011593987341542 0.080826168462905162 -0.080064292737688433 -0.080030312766924572 0.080004796598855635 0.08014693408653982 -0.080135390999962988 0.080779215648298777 -0.080008678232064562
leaf_weight=0.041047344177059242 0.026587364694705573 0.052352091919601662 0.025495258669252285 0.012754160445183516 0.0069256601855158797 0.14951313174242387 0.004936087165333447 0.0067483501136393889 0.033118741846692501 0.063246643939237401 0.051563288627676229 0.49602455568879122 0.058369785714603495 0.03040250382036902 0.012038166442835063 0.025237140784156509 0.44303715275600553 0.051718064598389901 0.071546674713317771 0.071468695026851492 0.048066836614452768 0.0013485425424732975 0.0018546407045505475 0.084110186279758747 0.098856125408474327 0.0079349004045070615 0.0022044820398150478 0.12010377654405602 0.0022063889027776895 0.55608801390621931
leaf_count=880 3330 306 28 6 7 324 37 1875 2125 2210 1105 5328 198 40 875 20 7480 30 384 483 198 34 5 8360 19360 273 61 10560 22 150920
internal_value=1.67661e-09 0.0410179 0.0641279 0.0460109 0.0284229 0.00779602 0.00693351 0.00474622 0.0469009 0.00131356 0.02645 -0.00420854 0.0760872 0.0470804 0.0658688 0.0234075 0.0803704 0.0822501 0.0818114 0.081537 0.0818944 0.0805366 0.0810093 -0.0800441 -0.0801132 0.0801666 0.0804573 -0.0801641 0.0805276 -0.080016
internal_weight=2.6569 1.7567 1.04689 0.416278 0.28026 0.201865 0.709812 0.689327 0.0519053 0.637422 0.11481 0.522612 0.630609 0.0811349 0.0451569 0.0507324 0.549474 0.136019 0.123265 0.0783944 0.106437 0.020485 0.00899521 0.900205 0.260007 0.0114898 0.00405912 0.161151 0.00355493 0.640198
internal_count=216864 26784 9504 1540 1120 630 17280 16848 4875 11973 3315 8658 7964 88 3000 48 7876 420 414 490 396 432 103 190080 30800 329 66 11440 56 159280
is_linear=0
shrinkage=0.08


Tree=59
num_leaves=31
num_cat=0
split_feature=28 16 10 28 6 17 2 22 1 12 9 28 8 0 8 20 9 20 11 7 21 7 9 1 10 9 10 12 10 7
split_gain=1.16244 0.191511 0.0308572 0.0395624 0.0385005 0.0216704 0.0201416 0.0155426 0.0141831 0.0144896 0.0143878 0.0135996 0.0214629 0.0128198 0.0123548 0.0111685 0.00705341 0.00352437 3.75226e-05 1.62695e-05 1.57244e-05 4.32301e-07 2.78699e-07 2.72517e-07 2.16022e-07 1.31711e-07 8.22619e-08 6.47835e-08 5.05099e-08 4.58614e-08
threshold=69.282500000000013 11.300000000000002 1.0000000180025095e-35 79.857500000000016 22.665000000000003 27.500000000000004 150.50000000000003 573.50000000000011 56.20000000000001 351.00000000000006 1.5000000000000002 81.758750000000006 1.0000000180025095e-35 28.500000000000004 1.0000000180025095e-35 806.50000000000011 1.0000000180025095e-35 730.50000000000011 1.0000000180025095e-35 0.81500000000000006 146.50000000000003 0.84500000000000008 1.0000000180025095e-35 54.850000000000009 1.0000000180025095e-35 1.0000000180025095e-35 1.0000000180025095e-35 116.50000000000001 1.0000000180025095e-35 0.81500000000000006
decision_type=2 2 2 2 2 2 2 2 2 2 2 2 2 2 2 2 2 2 2 2 2 2 2 2 2 2 2 2 2 2
left_child=24 7 3 4 22 19 -7 8 9 27 -11 12 -10 -6 15 17 -13 -4 20 -5 -16 23 -3 -9 25 29 -23 -2 -25 -1
right_child=1 2 14 5 13 6 -8 21 11 10 -12 16 -14 -15 18 -17 -18 -19 -20 -21 -22 26 -24 28 -26 -27 -28 -29 -30 -31
leaf_value=-0.080230312380155683 -0.080548600079369537 0.080711210183352936 0.040864292090168716 0.082648819381677244 -0.082711402467365414 -0.0072760068096078033 0.057316540119315758 0.081381121575416521 -0.074150764789935805 -0.0037317122046293359 0.079811373229172561 0.014130494309772952 0.022016760907067615 -0.0066997922346473827 0.082748825530192791 0.086294720718064682 0.052155478051455109 -0.0028775130097152403 0.080003633956622897 0.080890148461396083 0.080663792358984451 0.080504034262889268 0.080016430195611471 0.080762196634514963 -0.080015099247501068 -0.080029093800780132 0.080004167560897038 -0.080141922796817269 0.080156574285774815 -0.080127476363667849
leaf_weight=0.037520960810070503 0.0031583821648835117 0.020193428379570832 0.027889665652764961 0.0535965932867839 0.024443760714348173 0.044195591057359707 0.10267494987056125 0.0043681742681656033 0.02099577884109749 0.40075627623582477 0.01364241665805821 0.05142763595551969 0.050765540728662018 0.033886875062307809 0.05074798985151574 0.027426645676314365 0.079457523591031531 0.020420242813997902 0.37217291791967 0.090530276964273071 0.042564658517221687 0.0030813976372883189 0.0045226158617879255 0.0016415511090599466 0.54621133817522627 0.085886553906789231 0.0066633703772822628 0.012154495802519705 0.0019031984447792638 0.10663082664825652
leaf_count=880 346 64 28 50 52 72 488 37 60 2967 1012 2565 5120 92 198 40 2356 20 7480 650 198 56 72 5 159280 19360 273 2422 61 10560
internal_value=9.0185e-10 0.0396944 0.0632763 0.045607 -0.00309577 0.0595061 0.0378797 0.00648951 0.00442235 -0.00380529 -0.000981391 0.021869 -0.00611974 -0.0385529 0.0754878 0.0455224 0.0372146 0.022375 0.0803633 0.0815441 0.0817977 0.0805189 0.0805841 0.0809582 -0.0800425 -0.0801075 0.0801622 -0.0802258 0.080437 -0.0801542
internal_weight=2.34153 1.56528 0.915266 0.374044 0.0830467 0.290997 0.146871 0.650016 0.632358 0.429712 0.414399 0.202646 0.0717613 0.0583306 0.541222 0.0757366 0.130885 0.0483099 0.465486 0.144127 0.0933126 0.0176577 0.024716 0.00791292 0.77625 0.230038 0.00974477 0.0153129 0.00354475 0.144152
internal_count=216864 26784 9504 1540 280 1260 560 17280 16848 6747 3979 10101 5180 144 7964 88 4921 48 7876 700 396 432 136 103 190080 30800 329 2768 66 11440
is_linear=0
shrinkage=0.08


Tree=60
num_leaves=31
num_cat=0
split_feature=28 16 8 7 10 28 13 5 20 22 7 12 7 10 19 32 6 21 11 10 22 7 1 10 9 10 7 7 10 11
split_gain=0.993305 0.172948 0.0294777 0.029372 0.0266902 0.0392439 0.0206504 0.0159989 0.0151718 0.014109 0.0128729 0.0261693 0.0222737 0.0167743 0.0456648 0.0269736 0.00990252 1.22046e-05 4.12791e-06 4.33955e-06 8.13576e-07 3.77103e-07 2.56351e-07 1.71674e-07 1.02686e-07 6.67572e-08 3.55845e-08 3.47567e-08 3.18388e-08 2.14707e-08
threshold=69.282500000000013 11.300000000000002 1.0000000180025095e-35 0.81500000000000006 1.0000000180025095e-35 79.857500000000016 21.100000000000005 2.2500000000000004 806.50000000000011 573.50000000000011 0.84500000000000008 634.00000000000011 0.83500000000000008 1.0000000180025095e-35 6.5000000000000009 88.200000000000017 22.665000000000003 146.50000000000003 1.0000000180025095e-35 1.0000000180025095e-35 207.50000000000003 0.84500000000000008 54.850000000000009 1.0000000180025095e-35 1.0000000180025095e-35 1.0000000180025095e-35 0.91500000000000015 0.81500000000000006 1.0000000180025095e-35 1.0000000180025095e-35
decision_type=2 2 2 2 2 2 2 2 2 2 2 2 2 2 2 2 2 2 2 2 2 2 2 2 2 2 2 2 2 2
left_child=23 9 6 4 5 -4 7 8 -3 10 11 16 -13 15 -15 -12 -2 -6 20 -20 -5 22 -11 24 27 26 -23 -1 -24 -25
right_child=1 2 3 18 17 -7 -8 -9 -10 21 13 12 -14 14 -16 -17 -18 -19 19 -21 -22 25 28 29 -26 -27 -28 -29 -30 -31
leaf_value=-0.08021417795704551 -0.037416179678654377 -0.0026059855404932386 -0.043648866167598409 0.082164790068941077 0.082528913582704089 0.04995772430284786 0.083560016766474218 -0.041800890832519026 0.086290282111302796 0.081365487170871414 -0.011988145331789851 0.056476974081180159 -0.02622044914149067 0.077680062131143299 -0.080049306710583551 0.060721263825743048 -0.0027784107925018335 0.080560109650237841 0.080533397846613716 0.080003174856351542 0.080935799323041402 0.080106247671751216 0.080683866900973789 -0.080057493692272039 -0.080027054908869813 0.080003626871560818 0.080700719152972875 -0.08012029913043088 0.080172568730371221 -0.080007420421565167
leaf_weight=0.034300336876185722 0.12464212097370342 0.032410712679848075 0.039414580387528986 0.0072151001440943219 0.04534957866781042 0.1050924160026625 0.028102172022045124 0.030544184846803546 0.019789476209552959 0.0040829780755302627 0.15045851101012886 0.060760511798434891 0.031729363436170388 0.062435213170601855 0.014469770822984174 0.041705532069613582 0.091675445554301405 0.036265990063839126 0.14568379730735614 0.30689686495861679 0.0066014116091537289 0.0010185947539866893 0.0014265124973462662 0.063426838043824429 0.074067022135636762 0.0056888889330366519 0.0017543695321364794 0.095547944213421943 0.0017183773688884685 0.40313822589814674
leaf_count=880 1292 32 20 20 264 90 30 16 32 37 1400 375 140 4641 6006 784 2210 264 1386 7326 24 34 5 8360 19360 273 22 10560 61 150920
internal_value=1.33697e-09 0.038417 0.0626127 0.0687436 0.0450818 0.0244263 0.0243095 0.00418643 0.0310952 0.00566916 0.00363683 -0.00750867 0.028107 0.0164284 0.0480031 0.00379204 -0.0227367 0.0816541 0.0802154 0.0801739 0.0815776 0.080523 0.0809474 -0.080041 -0.0801022 0.0801605 0.0804824 -0.0801451 0.0804045 -0.0800142
internal_weight=2.06741 1.39693 0.803366 0.69252 0.226123 0.144507 0.110847 0.0827444 0.0522002 0.593566 0.577876 0.308807 0.0924899 0.269069 0.076905 0.192164 0.216318 0.0816156 0.466397 0.452581 0.0138165 0.0156897 0.00722787 0.67048 0.203915 0.00846185 0.00277296 0.129848 0.00314489 0.466565
internal_count=216864 26784 9504 9394 638 110 110 80 64 17280 16848 4017 515 12831 10647 2184 3502 528 8756 8712 44 432 103 190080 30800 329 56 11440 66 159280
is_linear=0
shrinkage=0.08


Tree=61
num_leaves=31
num_cat=0
split_feature=28 16 8 7 21 10 28 22 12 2 7 21 0 4 10 19 32 10 11 10 6 22 7 1 10 9 10 7 10 11
split_gain=0.846793 0.148867 0.0258271 0.0282469 0.0256406 0.0318019 0.0181804 0.0123486 0.0119328 0.011384 0.0102051 0.0215274 0.0249108 0.0167693 0.0142955 0.0381384 0.0221212 3.58873e-06 2.78267e-06 3.26107e-06 1.36204e-06 5.66412e-07 3.46021e-07 2.48537e-07 1.3663e-07 7.92478e-08 4.94538e-08 2.45464e-08 2.08516e-08 1.90998e-08
threshold=69.282500000000013 11.300000000000002 1.0000000180025095e-35 0.81500000000000006 146.50000000000003 1.0000000180025095e-35 93.096250000000012 573.50000000000011 353.50000000000006 158.74800000000002 0.84500000000000008 146.50000000000003 41.500000000000007 39.500000000000007 1.0000000180025095e-35 6.5000000000000009 88.200000000000017 1.0000000180025095e-35 1.0000000180025095e-35 1.0000000180025095e-35 22.975000000000005 207.50000000000003 0.84500000000000008 54.850000000000009 1.0000000180025095e-35 1.0000000180025095e-35 1.0000000180025095e-35 0.81500000000000006 1.0000000180025095e-35 1.0000000180025095e-35
decision_type=2 2 2 2 2 2 2 2 2 2 2 2 2 2 2 2 2 2 2 2 2 2 2 2 2 2 2 2 2 2
left_child=24 7 6 4 5 -4 8 10 9 -3 11 13 -13 -2 16 -16 -12 -6 21 -20 -8 -5 23 -9 25 27 -24 -1 -25 -26
right_child=1 2 3 18 17 -7 20 22 -10 -11 14 12 -14 -15 15 -17 -18 -19 19 -21 -22 -23 26 28 29 -27 -28 -29 -30 -31
leaf_value=-0.080198369169928604 -0.0075290972796750646 0.072006872472715935 -0.0035198293564339834 0.081942916564149648 0.081654748547012587 0.082230720825230114 0.081767200768116666 0.081375223399751187 -0.03291668805441033 -0.010823626362959518 -0.011021525421629423 0.0041806764667556111 0.16755022935949462 -0.073127692361609167 0.077291569049122336 -0.08004267738572933 0.058094213144707176 0.080522955299808394 0.080497613764861559 0.080002711333354612 0.080615401379725851 0.080835548142515604 0.080448308674306704 0.080613165384734703 -0.080057545324837096 -0.080026656050794398 0.080003084549864045 -0.080115250649512221 0.08016817654579754 -0.080007003159031795
leaf_weight=0.030955616193750646 0.056877121163097177 0.021810736390762031 0.091562325695122126 0.0061569824538310058 0.044224076489626896 0.039672766157309525 0.013523844536393881 0.0037979437174726627 0.032144679738848936 0.020695523438917007 0.13796876284720838 0.17489212673945076 0.0061846967223573293 0.044417375710281704 0.052605998900276063 0.012135003401908762 0.03774501841030542 0.030157186590258789 0.12727012393770565 0.25785646508848004 0.012780303215549793 0.005686361913831206 0.0023989044875634136 0.0012472288690332789 0.055671151332830848 0.064232971276965145 0.0047747154212629539 0.08566875848782729 0.0014662034955108538 0.3407092368277066
leaf_count=880 1197 24 55 20 55 264 10 37 20 16 1400 2040 20 760 4641 6006 784 264 1386 7326 40 24 56 5 8360 19360 273 10560 61 150920
internal_value=1.52851e-09 0.0372584 0.0614638 0.0677377 0.0436711 0.0224028 0.0240158 0.00551711 0.00386366 0.0316782 0.0035535 -0.00676046 0.00976058 -0.0362939 0.0156654 0.047801 0.0038252 0.0811959 0.0802034 0.0801663 0.0812076 0.0814112 0.0805352 0.0809575 -0.0800404 -0.080098 0.080152 -0.0801373 0.0803727 -0.0800141
internal_weight=1.81729 1.24005 0.703541 0.602586 0.205616 0.131235 0.100955 0.536511 0.0746509 0.0425063 0.522826 0.282371 0.181077 0.101294 0.240455 0.064741 0.175714 0.0743813 0.39697 0.385127 0.0263041 0.0118433 0.013685 0.00651138 0.577238 0.180857 0.00717362 0.116624 0.00271343 0.39638
internal_count=216864 26784 9504 9394 638 319 110 17280 60 40 16848 4017 2060 1957 12831 10647 2184 319 8756 8712 50 44 432 103 190080 30800 329 11440 66 159280
is_linear=0
shrinkage=0.08


Tree=62
num_leaves=31
num_cat=0
split_feature=28 16 8 7 21 10 13 5 19 22 13 1 16 16 10 11 10 9 22 7 1 8 10 9 10 7 11 10 8 7
split_gain=0.72458 0.131004 0.0224431 0.0266222 0.0235276 0.0280745 0.0161804 0.0110447 0.0126872 0.0107526 0.00934371 0.00988666 0.0247352 0.0103884 2.72143e-06 2.56834e-06 2.52285e-06 7.03768e-07 6.15619e-07 2.5789e-07 1.84082e-07 1.60151e-07 1.08419e-07 6.21972e-08 3.74788e-08 1.78569e-08 1.73544e-08 1.62267e-08 1.04837e-08 9.08583e-09
threshold=69.282500000000013 11.300000000000002 1.0000000180025095e-35 0.81500000000000006 146.50000000000003 1.0000000180025095e-35 21.100000000000005 2.2500000000000004 15.500000000000002 573.50000000000011 15.100000000000001 61.850000000000009 6.6000000000000005 8.4000000000000021 1.0000000180025095e-35 1.0000000180025095e-35 1.0000000180025095e-35 1.5000000000000002 207.50000000000003 0.84500000000000008 54.850000000000009 1.0000000180025095e-35 1.0000000180025095e-35 1.0000000180025095e-35 1.0000000180025095e-35 0.81500000000000006 1.0000000180025095e-35 1.0000000180025095e-35 1.0000000180025095e-35 0.79500000000000015
decision_type=2 2 2 2 2 2 2 2 2 2 2 2 2 2 2 2 2 2 2 2 2 2 2 2 2 2 2 2 2 2
left_child=22 9 6 4 5 -4 7 8 -3 10 17 13 -13 -12 -6 18 -17 -2 -5 20 -11 -19 23 25 -21 -1 -24 -22 -28 -25
right_child=1 2 3 15 14 -7 -8 -9 -10 19 11 12 -14 -15 -16 16 -18 21 -20 24 27 -23 26 29 -26 -27 28 -29 -30 -31
leaf_value=-0.080184483951136643 -0.080088611445559135 -0.0037475734567806039 -0.0025969940170177518 0.0819952100629395 0.08152646046232169 0.08215021242611821 0.08319748380761631 -0.034806222608989898 0.085309077819550952 0.081272603907208155 0.016081675784498289 -0.080297238006419108 0.07918372677817602 -0.0090939541927183461 0.08047772598897894 0.080470118637607072 0.080002315733459728 -0.082340513802050527 0.08078014032178446 0.080420936354557784 0.080572067360638253 -0.081102447714754611 -0.080057670854386878 -0.080088815962732193 0.080002633734771927 -0.080110098628127971 -0.080067783653830549 0.080149926881166553 -0.080002740345469933 -0.080009169721069889
leaf_weight=0.028243036036656011 0.0056630653861018398 0.026751379689812893 0.086772176749946084 0.0056441605775034986 0.03978697046659363 0.035152069729520008 0.022523189712956082 0.027059269952587783 0.016585164321440971 0.003369220282365859 0.1788594201534579 0.0079479250381382371 0.028697411017674312 0.25367616710082075 0.026306609425773786 0.11187533442262065 0.21668222031348705 0.0012120206906729436 0.0050620394467841834 0.0020833111775573343 0.0011019218818546506 0.0014916474874553387 0.049820378810863875 0.011556147586361476 0.0040083678786686505 0.076869437055620438 0.016843072657821145 0.0012369404657874838 0.27156749860228047 0.04433352319711048
leaf_count=880 2488 28 55 20 55 264 30 16 36 37 4386 1914 3480 3612 264 1386 7326 16 24 56 5 952 8360 880 273 10560 1320 61 149600 18480
internal_value=-8.21201e-11 0.0360133 0.0604309 0.0668193 0.0426725 0.0218365 0.0241786 0.0052955 0.030335 0.00506646 0.00320238 0.00469672 0.0445943 0.00131652 0.081109 0.0802013 0.0801616 -0.0805956 0.0814207 0.0805077 0.0808941 -0.0816575 -0.0800398 -0.0800938 0.0801457 -0.0801301 -0.0800141 0.0803488 -0.0800065 -0.0800256
internal_weight=1.60878 1.10955 0.620201 0.527282 0.188018 0.121924 0.092919 0.0703958 0.0433365 0.489347 0.477548 0.469181 0.0366453 0.432536 0.0660936 0.339264 0.328558 0.00836673 0.0107062 0.0117998 0.00570808 0.00270367 0.499233 0.161002 0.00609168 0.105112 0.338231 0.00233886 0.288411 0.0558897
internal_count=216864 26784 9504 9394 638 319 110 80 64 17280 16848 13392 5394 7998 319 8756 8712 3456 44 432 103 968 190080 30800 329 11440 159280 66 150920 19360
is_linear=0
shrinkage=0.08


Tree=63
num_leaves=31
num_cat=0
split_feature=28 16 28 10 13 6 8 12 22 13 8 16 9 7 11 7 4 6 10 9 7 7 11 1 8 10 9 10 7 11
split_gain=0.620085 0.115813 0.0209268 0.0284244 0.0265409 0.0255936 0.0131175 0.0126661 0.00965505 0.00802056 0.00887577 0.00863986 0.00750116 3.59225e-05 1.9587e-05 3.0424e-06 1.49192e-06 1.06433e-06 6.65196e-07 5.49031e-07 1.84001e-07 1.69179e-07 1.43735e-07 1.39053e-07 1.11816e-07 8.49146e-08 4.73046e-08 4.0605e-08 1.42815e-08 1.39834e-08
threshold=69.282500000000013 11.300000000000002 93.096250000000012 1.0000000180025095e-35 21.500000000000004 22.665000000000003 1.0000000180025095e-35 353.50000000000006 573.50000000000011 15.100000000000001 1.5000000000000002 6.6000000000000005 1.5000000000000002 0.81500000000000006 1.0000000180025095e-35 0.84500000000000008 38.500000000000007 21.555000000000003 1.0000000180025095e-35 1.5000000000000002 0.84500000000000008 0.91500000000000015 1.0000000180025095e-35 54.850000000000009 1.0000000180025095e-35 1.0000000180025095e-35 1.0000000180025095e-35 1.0000000180025095e-35 0.93500000000000016 1.0000000180025095e-35
decision_type=2 2 2 2 2 2 2 2 2 2 2 2 2 2 2 2 2 2 2 2 2 2 2 2 2 2 2 2 2 2
left_child=25 8 3 4 5 -3 7 -5 9 19 12 -12 -11 -6 -8 16 17 -4 21 -2 23 -17 -18 -10 -21 26 -1 28 -22 -27
right_child=1 2 15 6 13 -7 14 -9 20 10 11 -13 -14 -15 -16 18 22 -19 -20 24 27 -23 -24 -25 -26 29 -28 -29 -30 -31
leaf_value=-0.080121958605685925 -0.080085706095721007 0.080414938415660053 0.080395946408953312 0.071628036646279244 0.087098594251896574 -0.0091301490666253447 0.082216554308924814 -0.021527853658314982 0.081190838818416641 -0.0039197243591081133 -0.080019836276321504 0.064265218959632373 0.024277445136216408 0.081580722273713685 0.080002048886071084 0.08017747787147414 0.080454797709028011 0.081185236773450853 0.080002138872055858 -0.082170736777709918 0.08024445828092798 0.08053382925330152 0.080078082469294515 0.080334528259546137 -0.081068655110797194 -0.080055295695165271 -0.080024891262608228 0.080002311141036536 0.080665885353876518 -0.080006150322702571
leaf_weight=0.094342248792770422 0.0048914739687118116 0.025141810871900816 0.013908142364016385 0.019694576665642671 0.010323780836188234 0.10895728115883685 0.033021473578628502 0.017769167272490449 0.003000201121722057 0.3324665313443802 0.0029836673106728986 0.024193058065975492 0.073780058932356951 0.02811404381191096 0.1131572688691449 0.01234622646097705 0.018011324488725222 0.051133626687260403 0.060020920125680277 0.0010765689271465817 0.0010391281075499137 0.027559525024116738 0.010126571506589244 0.00203814763972332 0.0013014733917202648 0.043630089226894486 0.048728280378952604 0.003372614509316918 0.0010196403145528166 0.24580813902377974
leaf_count=11440 2488 340 180 32 10 360 216 16 37 6882 1375 2500 2635 130 4080 340 130 310 2730 16 44 220 410 66 952 8360 19360 273 12 150920
internal_value=-1.7536e-09 0.0346018 0.0592701 0.0477726 0.024457 0.00765837 0.0696782 0.0274439 0.00456842 0.00276457 0.00416229 0.0484245 0.00120128 0.0830627 0.0805023 0.0804771 0.0808059 0.0810165 0.0801704 -0.0805705 0.0804962 0.0804236 0.0803192 0.0808444 -0.0815676 -0.0800385 -0.0800889 0.0801732 0.0804532 -0.0800136
internal_weight=1.43296 1.00045 0.549286 0.356179 0.172537 0.134099 0.183642 0.0374637 0.451163 0.440693 0.433423 0.0271767 0.406247 0.0384378 0.146179 0.193106 0.0931797 0.0650418 0.0999267 0.00726952 0.0104697 0.0399058 0.0281379 0.00503835 0.00237804 0.432509 0.143071 0.00543138 0.00205877 0.289438
internal_count=216864 26784 9504 5184 840 700 4344 48 17280 16848 13392 3875 9517 140 4296 4320 1030 490 3290 3456 432 560 540 103 968 190080 30800 329 56 159280
is_linear=0
shrinkage=0.08


Tree=64
num_leaves=31
num_cat=0
split_feature=28 16 28 10 13 6 8 12 22 7 31 4 2 10 19 32 7 11 7 1 6 10 10 7 7 1 10 9 10 11
split_gain=0.533203 0.102744 0.0240697 0.0215885 0.0235224 0.0219572 0.0116039 0.0112027 0.00846357 0.00709072 0.0171231 0.0211238 0.0113117 0.0102615 0.0255507 0.0160296 2.60882e-05 1.52969e-05 2.47151e-06 1.19023e-06 1.19594e-06 5.74513e-07 2.23587e-07 1.3646e-07 1.23632e-07 1.02911e-07 6.68402e-08 3.66269e-08 3.1452e-08 1.11059e-08
threshold=69.282500000000013 11.300000000000002 93.096250000000012 1.0000000180025095e-35 21.500000000000004 22.665000000000003 1.0000000180025095e-35 353.50000000000006 573.50000000000011 0.84500000000000008 95.480000000000018 38.500000000000007 148.50000000000003 1.0000000180025095e-35 6.5000000000000009 88.200000000000017 0.81500000000000006 1.0000000180025095e-35 0.84500000000000008 54.850000000000009 21.555000000000003 1.0000000180025095e-35 1.0000000180025095e-35 0.84500000000000008 0.91500000000000015 54.850000000000009 1.0000000180025095e-35 1.0000000180025095e-35 1.0000000180025095e-35 1.0000000180025095e-35
decision_type=2 2 2 2 2 2 2 2 2 2 2 2 2 2 2 2 2 2 2 2 2 2 2 2 2 2 2 2 2 2
left_child=26 8 3 4 5 -3 7 -5 9 10 12 -12 -2 15 -15 -11 -6 -8 19 20 -4 24 -21 25 -20 -10 27 -1 -25 -28
right_child=1 2 18 6 16 -7 17 -9 23 13 11 -13 -14 14 -16 -17 -18 -19 21 22 -22 -23 -24 28 -26 -27 29 -29 -30 -31
leaf_value=-0.080114586174114349 -0.082437010911920974 0.080396076232801733 0.08034441376058564 0.069727081200864988 0.086471884536111376 -0.0075104670276194595 0.082153001244916299 -0.021562430814114308 0.081102174621331874 -0.011064375649398033 -0.01314921043452125 0.056598221431881188 -0.017161253688883108 0.077158711627142829 -0.080041258694776352 0.053906709224414796 0.081478986977170681 0.080001791781834378 0.080171186948119144 0.080588662720703599 0.081139567731882731 0.080001872505107818 0.080104161179583605 0.08042877750927771 0.0804974675517698 0.080317132150755657 -0.080052707816504476 -0.08002381939949714 0.080002021862672315 -0.080005842653699949
leaf_weight=0.085097824704291725 0.02098812451242793 0.022062415618165687 0.016878273996553617 0.018407455034321174 0.0091472002641239669 0.10347327762610803 0.029714929910369392 0.016152608732227236 0.0026703267076300108 0.10796939599413236 0.070312091564574075 0.045953151528578928 0.089200140726859445 0.035635689333389564 0.0081262433942583812 0.031362568844201633 0.025009677657180873 0.073440812326225569 0.010639522130986734 0.0093631646632275078 0.042810374219698133 0.068559461548829859 0.017469138895194192 0.0018105748240486719 0.02465687940002681 0.0017818046162574319 0.038246951056635226 0.042744761220433247 0.0028373483419272816 0.21031332137278014
leaf_count=11440 135 340 250 32 10 360 216 16 37 1400 588 648 2646 4641 6006 784 130 4080 340 50 120 2730 610 56 220 66 8360 19360 273 150920
internal_value=-1.38699e-09 0.033236 0.0581883 0.0439702 0.0239544 0.00793877 0.0671802 0.0270604 0.00416302 0.00246746 -0.00699776 0.0144181 -0.0295947 0.0141742 0.0479679 0.00356012 0.0828161 0.0806215 0.0804 0.0807158 0.0809147 0.0801369 0.0802732 0.0804715 0.0803991 0.080788 -0.0800372 -0.0800842 0.0801683 -0.0800131
internal_weight=1.28284 0.906433 0.487785 0.297408 0.159693 0.125536 0.137716 0.0345601 0.418647 0.409547 0.226454 0.116265 0.110188 0.183094 0.0437619 0.139332 0.0341569 0.103156 0.190377 0.086521 0.0596886 0.103856 0.0268323 0.00910005 0.0352964 0.00445213 0.376403 0.127843 0.00464792 0.24856
internal_count=216864 26784 9504 5184 840 700 4344 48 17280 16848 4017 1236 2781 12831 10647 2184 140 4296 4320 1030 370 3290 660 432 560 103 190080 30800 329 159280
is_linear=0
shrinkage=0.08


Tree=65
num_leaves=31
num_cat=0
split_feature=28 16 28 10 13 6 8 12 28 9 7 3 4 7 13 28 14 10 14 14 12 1 10 7 11 7 1 6 10 10
split_gain=0.459231 0.0883503 0.0227011 0.0187827 0.0206733 0.0187685 0.0104963 0.00894079 0.00789619 0.0191399 0.0115197 0.00962309 0.00897766 0.00806778 0.00774393 0.0050119 0.0042257 0.00417891 0.0155531 0.00406341 0.00184642 0.000998923 0.000490926 1.89866e-05 1.06987e-05 1.81345e-06 8.63326e-07 8.79691e-07 4.33224e-07 1.63757e-07
threshold=69.282500000000013 11.300000000000002 93.096250000000012 1.0000000180025095e-35 21.500000000000004 22.665000000000003 1.0000000180025095e-35 353.50000000000006 87.478750000000005 1.0000000180025095e-35 0.83500000000000008 34.500000000000007 35.500000000000007 0.93500000000000016 21.800000000000004 91.000000000000014 59.000000000000007 1.0000000180025095e-35 12.150000000000002 59.000000000000007 560.00000000000011 59.800000000000004 1.0000000180025095e-35 0.81500000000000006 1.0000000180025095e-35 0.84500000000000008 54.850000000000009 21.555000000000003 1.0000000180025095e-35 1.0000000180025095e-35
decision_type=2 2 2 2 2 2 2 2 2 2 2 2 2 2 2 2 2 2 2 2 2 2 2 2 2 2 2 2 2 2
left_child=-1 8 3 4 5 -3 7 -5 11 10 14 12 19 -14 -10 -12 20 21 -19 -2 -13 -11 -18 -6 -8 26 27 -4 -27 -28
right_child=1 2 25 6 23 -7 24 -9 9 17 15 16 13 -15 -16 -17 22 18 -20 -21 -22 -23 -24 -25 -26 28 29 -29 -30 -31
leaf_value=-0.080036641403368955 0.0048222268222824589 0.08036897388293554 0.080315201288946203 0.067043383861262629 0.08591022440064229 -0.0058776750965177579 0.081946166172811932 -0.018166342667012 0.047374238878251373 0.081507862295781705 -0.064605947896915997 -0.080049696456065592 -0.011309590688669456 -0.065862491130678366 -0.080518433811516438 -0.0099905890390782747 0.035294999316425928 -0.080424568246527481 0.080471131665009299 0.064282577706239297 0.018278233165062083 0.024772059991811386 0.079195965063888901 0.081380402151487313 0.080001530199855897 0.080372063221625836 0.080540276187897553 0.081043775304547608 0.080001595125859359 0.080098175915747416
leaf_weight=0.32689054788443173 0.017422277591776947 0.019336231360284728 0.014669814162516559 0.01667670775714214 0.0080927329399855807 0.097944565077341394 0.025633273122366518 0.014942164321837481 0.032115685852659226 0.028636917384346816 0.013564453292758571 0.0015279923443358703 0.15857775719064193 0.019481423034278578 0.0033457152620712796 0.051893469033984729 0.0018960120838755765 0.0056683899620111325 0.011954045078709896 0.012730149061269458 0.0061080711748218164 0.0021340920138754873 0.011629429899528532 0.022077327930674073 0.06166305707392894 0.031107431910641026 0.0083791793349519139 0.038289828717097407 0.057624139184554224 0.014892263711772102
leaf_count=190080 1110 340 250 32 10 360 216 16 282 448 1860 1660 4628 364 376 744 143 1240 930 814 830 168 1683 130 4080 560 50 120 2730 610
internal_value=-4.24414e-10 0.0322997 0.0570558 0.0426126 0.023535 0.00834192 0.0662683 0.0267757 0.00410208 0.0184201 -0.00141426 -0.00521836 -0.0104423 -0.0172782 0.0353078 -0.0213082 0.0461807 0.0597824 0.0287178 0.029926 -0.00139739 0.077573 0.0730419 0.0825955 0.0805725 0.0803773 0.0806635 0.080842 0.0801315 0.0802574
internal_weight=1.13691 0.810015 0.431329 0.266366 0.147451 0.117281 0.118915 0.0316189 0.378686 0.149313 0.100919 0.229373 0.208212 0.178059 0.0354614 0.0654579 0.0211615 0.0483934 0.0176224 0.0301524 0.00763606 0.030771 0.0135254 0.0301701 0.0872963 0.164963 0.0762311 0.0529596 0.0887316 0.0232714
internal_count=216864 26784 9504 5184 840 700 4344 48 17280 6048 3262 11232 6916 4992 658 2604 4316 2786 2170 1924 2490 616 1826 140 4296 4320 1030 370 3290 660
is_linear=0
shrinkage=0.08


Tree=66
num_leaves=31
num_cat=0
split_feature=28 16 28 10 20 6 8 20 22 13 7 30 10 2 11 7 4 6 9 10 7 11 7 1 10 9 10 11 7 10
split_gain=0.395342 0.0773219 0.0213681 0.0162776 0.0184407 0.0173277 0.00961566 0.0112209 0.00662863 0.00587941 0.00603451 0.010431 0.00902489 0.00240835 8.3204e-06 1.35816e-06 6.34883e-07 4.66332e-07 3.35375e-07 3.26995e-07 7.68492e-08 7.36868e-08 6.48829e-08 5.8451e-08 4.2155e-08 2.24134e-08 2.15788e-08 6.94352e-09 6.37609e-09 4.89426e-09
threshold=69.282500000000013 11.300000000000002 93.096250000000012 1.0000000180025095e-35 1170.0000000000002 22.665000000000003 1.0000000180025095e-35 844.00000000000011 573.50000000000011 15.100000000000001 0.84500000000000008 84.300000000000011 1.0000000180025095e-35 150.50000000000003 1.0000000180025095e-35 0.84500000000000008 38.500000000000007 21.555000000000003 1.5000000000000002 1.0000000180025095e-35 0.84500000000000008 1.0000000180025095e-35 0.91500000000000015 54.850000000000009 1.0000000180025095e-35 1.0000000180025095e-35 1.0000000180025095e-35 1.0000000180025095e-35 0.81500000000000006 1.0000000180025095e-35
decision_type=2 2 2 2 2 2 2 2 2 2 2 2 2 2 2 2 2 2 2 2 2 2 2 2 2 2 2 2 2 2
left_child=24 8 3 4 5 -3 7 -5 9 18 11 -11 -12 -6 -8 16 17 -4 29 22 23 -18 -17 -10 25 28 -22 -26 -1 -2
right_child=1 2 15 6 13 -7 14 -9 20 10 12 -13 -14 -15 -16 19 21 -19 -20 -21 26 -23 -24 -25 27 -27 -28 -29 -30 -31
leaf_value=-0.080140482206472116 -0.08021467933820485 0.080350893950280708 0.080292712614376816 -0.014655385889825425 0.039895043513385943 -0.010245259804243425 0.081839741025602181 0.085603007145704166 0.080961360725333706 -0.018343442819118698 0.0053943607599675029 0.023220108770713118 0.054407161602679575 0.0835624763428333 0.080001319501585913 0.08015471949850525 0.080365940583552245 0.080909009497030143 -0.081431156912378469 0.080001368465850056 0.080400247273198944 0.0800537169932483 0.080426392328664095 0.080291195960380202 -0.080047910078210924 -0.080021956715050968 0.080001535939554377 -0.080005381763014846 -0.080086843802229177 -0.080022641001846667
leaf_weight=0.019767484350268205 0.0013581960955661998 0.016189929470328934 0.0099444890011000098 0.01737161107303109 0.011614974770964182 0.081669982873791014 0.022687192695229896 0.012135353077610489 0.002087271244818111 0.13114590790502234 0.11463824104907872 0.054787610077482896 0.03042500898442313 0.026583320911413466 0.05156789466536793 0.007928192825147562 0.012683247695349564 0.037445461914103362 0.0017971077842844352 0.048474612180143595 0.0014782207963435212 0.007820687627827283 0.019377350543891225 0.0013860268122698471 0.029314508878030665 0.032927746868153918 0.0021070315547149221 0.15180509406673082 0.050209866949558091 0.0022671195210364195
leaf_count=880 344 306 180 20 27 324 216 28 37 2472 1736 721 8463 183 4080 340 130 310 968 2730 56 410 220 66 8360 19360 273 150920 10560 2144
internal_value=-1.19527e-09 0.0312695 0.0559613 0.0413449 0.0231437 0.00474295 0.0652112 0.026578 0.00370104 0.00209125 0.00344488 -0.00609623 0.0156741 0.0702845 0.080563 0.0803589 0.0806188 0.0807797 -0.0805376 0.0801261 0.0804257 0.0802469 0.0803475 0.0806939 -0.0800355 -0.0800764 0.0801659 -0.0800123 -0.080102 -0.0800946
internal_weight=1.011 0.726972 0.383494 0.23982 0.136058 0.0978599 0.103762 0.029507 0.343478 0.336419 0.330997 0.185934 0.145063 0.0381983 0.0742551 0.143674 0.0678939 0.04739 0.00542242 0.0757802 0.00705855 0.0205039 0.0273055 0.0034733 0.284025 0.102905 0.00358525 0.18112 0.0699774 0.00362532
internal_count=216864 26784 9504 5184 840 630 4344 48 17280 16848 13392 3193 10199 210 4296 4320 1030 490 3456 3290 432 540 560 103 190080 30800 329 159280 11440 2488
is_linear=0
shrinkage=0.08


Tree=67
num_leaves=31
num_cat=0
split_feature=28 16 28 10 13 6 8 20 22 13 1 30 16 8 11 7 1 6 10 9 10 7 7 4 10 10 9 11 7 10
split_gain=0.340722 0.0692138 0.0205062 0.0143006 0.0167726 0.0150176 0.00850303 0.00964143 0.00590652 0.00505124 0.00519775 0.00661935 0.00556744 1.10566e-05 6.04183e-06 1.00669e-06 5.03387e-07 5.06961e-07 2.59377e-07 2.54866e-07 9.63153e-08 5.77026e-08 4.77328e-08 4.52776e-08 3.24183e-08 1.73423e-08 1.71641e-08 5.87341e-09 5.37441e-09 3.82417e-09
threshold=69.282500000000013 11.300000000000002 93.096250000000012 1.0000000180025095e-35 21.500000000000004 22.665000000000003 1.0000000180025095e-35 844.00000000000011 573.50000000000011 15.100000000000001 56.20000000000001 51.750000000000007 6.6000000000000005 1.0000000180025095e-35 1.0000000180025095e-35 0.84500000000000008 54.850000000000009 21.555000000000003 1.0000000180025095e-35 1.5000000000000002 1.0000000180025095e-35 0.84500000000000008 0.91500000000000015 38.500000000000007 1.0000000180025095e-35 1.0000000180025095e-35 1.0000000180025095e-35 1.0000000180025095e-35 0.81500000000000006 1.0000000180025095e-35
decision_type=2 2 2 2 2 2 2 2 2 2 2 2 2 2 2 2 2 2 2 2 2 2 2 2 2 2 2 2 2 2
left_child=24 8 3 4 5 -3 7 -5 9 19 12 -12 -11 -6 -8 16 17 -4 22 29 -18 23 -17 -10 26 -23 28 -26 -1 -2
right_child=1 2 15 6 13 -7 14 -9 21 10 11 -13 -14 -15 -16 18 20 -19 -20 -21 -22 25 -24 -25 27 -27 -28 -29 -30 -31
leaf_value=-0.080132143733095837 -0.080203399804681427 0.080333481203921753 0.080268729196717972 -0.011624658393179495 0.086784890215943475 -0.0042885733612351611 0.081689497136635411 0.085250684820407388 0.080904575311807836 -0.080268200262056888 -0.011507523241703146 0.032452635746360904 -0.0021973967321701963 0.081980782560607215 0.080001183506711426 0.08015065954987749 0.080465933261155448 0.080890872213058962 0.080001249380651812 -0.081334579087062583 0.0800832849620145 0.080382887832107328 0.080398315390120198 0.080277599527364352 -0.08004673105791138 0.080001382841591445 -0.080021171189099044 -0.080005109983387848 -0.08008056843434376 -0.080022194056329682
leaf_weight=0.018141378592190449 0.0012109651206060335 0.015846900036649458 0.011425381207573082 0.016443841785076074 0.0036038168473169199 0.087709143595020578 0.019853568694998103 0.010955486683087656 0.0018371100732110781 0.0060204879748084741 0.032845276578427729 0.06591602408474273 0.20170579695604829 0.020546453292354272 0.042832984452161327 0.0069099687589186934 0.0066257500120627802 0.031474747775064316 0.041023956457593158 0.0015891027530585689 0.011546430630914983 0.001330809332557692 0.017840498892383039 0.0012311879568187578 0.026073443772588689 0.0017859970280369453 0.029153092003696202 0.12934193128984361 0.045021144015009895 0.0019386442559152775
leaf_count=880 344 340 250 20 2 360 216 28 49 1903 2590 5439 3460 138 4080 340 50 120 2730 968 610 56 220 54 8360 273 19360 150920 10560 2144
internal_value=-7.99036e-10 0.0299479 0.0547718 0.0398792 0.0226618 0.00866091 0.0642867 0.0271105 0.00299459 0.00145615 0.00272344 0.0178327 -0.00446011 0.0826977 0.0805359 0.0803418 0.0805757 0.0807252 0.0801246 -0.0805086 0.0802228 0.0804067 0.0803292 0.080653 -0.0800344 0.0801643 -0.0800719 -0.0800121 -0.0800954 -0.0800919
internal_weight=0.909781 0.66205 0.344639 0.217792 0.127706 0.103556 0.0900859 0.0273993 0.317411 0.311226 0.306488 0.0987613 0.207726 0.0241503 0.0626866 0.126847 0.0610723 0.0429001 0.0657744 0.00473871 0.0181722 0.0061851 0.0247505 0.0030683 0.247731 0.00311681 0.0923156 0.155415 0.0631625 0.00314961
internal_count=216864 26784 9504 5184 840 700 4344 48 17280 16848 13392 8029 5363 140 4296 4320 1030 370 3290 3456 660 432 560 103 190080 329 30800 159280 11440 2488
is_linear=0
shrinkage=0.08


Tree=68
num_leaves=31
num_cat=0
split_feature=28 16 17 6 16 22 10 14 8 7 32 21 13 0 2 15 21 12 8 2 7 10 10 7 4 10 10 9 11 7
split_gain=0.29532 0.0621013 0.0147546 0.0106833 0.0111386 0.00920981 0.00713045 0.00852918 0.0172108 0.00688697 0.0131677 0.00655598 0.0044984 0.00609654 0.00306749 0.00175219 0.000163358 8.46532e-06 7.17504e-06 1.07673e-05 6.84351e-07 3.24059e-07 1.68643e-07 6.17593e-08 4.15315e-08 2.50522e-08 1.98955e-08 1.31971e-08 4.63373e-09 4.09875e-09
threshold=69.282500000000013 12.350000000000001 27.500000000000004 25.370000000000005 6.6000000000000005 266.00000000000006 1.0000000180025095e-35 62.000000000000007 1.0000000180025095e-35 0.84500000000000008 88.200000000000017 74.500000000000014 15.100000000000001 23.500000000000004 150.50000000000003 0.8500000000000002 46.000000000000007 483.00000000000006 1.0000000180025095e-35 150.50000000000003 0.84500000000000008 1.0000000180025095e-35 1.0000000180025095e-35 0.84500000000000008 38.500000000000007 1.0000000180025095e-35 1.0000000180025095e-35 1.0000000180025095e-35 1.0000000180025095e-35 0.81500000000000006
decision_type=2 2 2 2 2 2 2 2 2 2 2 2 2 2 2 2 2 2 2 2 2 2 2 2 2 2 2 2 2 2
left_child=25 3 17 5 -5 9 7 8 -4 11 -11 -2 13 -8 -9 -14 -6 18 -3 -20 21 -19 -22 24 -7 27 -25 29 -27 -1
right_child=1 2 6 4 16 23 12 14 -10 10 -12 -13 15 -15 -16 -17 -18 20 19 -21 22 -23 -24 26 -26 28 -28 -29 -30 -31
leaf_value=-0.080122541797220795 -0.028749728924425729 0.085782753354350164 -0.086531023925717876 -0.080008173371181032 0.048523388098551549 0.080767920737400745 -0.070440896304999751 0.024718965697138936 0.030122839645485119 -0.0028638362771759487 0.04884113099939235 0.0025413262044399229 0.034372458203366062 0.080945135767939366 0.086640296717521825 0.082411679884343961 0.080001994357231793 0.08076738081482851 0.085162112317282934 0.080425966282415315 0.08031170901321108 0.080354577515705974 0.08000113376038355 0.080328829541335994 0.080272006724361619 -0.080044306925450184 0.080001188850185895 -0.080020061354268091 -0.080004904781913466 -0.080075326860991808
leaf_weight=0.016570630494243233 0.063521686251306164 0.0029419002930808338 0.010003793984651566 0.0032586945874868425 0.0011108956028351704 0.0032463721331623674 0.0034023954058284281 0.0076482659378598319 0.042407482421367604 0.08746442103966956 0.04928593877775711 0.13169751821487807 0.0056573650369955422 0.0034076801839546533 0.015489862693812029 0.034444869107346676 0.02100215321934229 0.022412075075408211 0.003984979363394813 0.013410980862317956 0.017911623710006097 0.026634502150500339 0.029815782917467004 0.003080264677919331 0.0016202049614548741 0.023060158007467635 0.0019289530910100439 0.02577510512080039 0.11127635509595279 0.040593675771106064
leaf_count=880 1235 5 6 2505 1002 68 21 27 414 5000 3400 1495 362 341 183 2534 3841 112 69 358 448 712 2184 112 62 8360 288 19360 150920 10560
internal_value=4.03109e-10 0.0286577 0.0603434 0.00798591 0.0580723 0.00426849 0.0409286 0.0257169 0.007857 0.00200365 0.0157711 -0.00764036 0.065426 0.00531086 0.0661723 0.0756346 0.0784206 0.0806452 0.0821288 0.0815109 0.0803334 0.0805432 0.0801177 0.0803999 0.0806028 -0.080033 0.0802027 -0.0800676 -0.0800117 -0.080089
internal_weight=0.824067 0.606791 0.239574 0.367217 0.0253717 0.341845 0.122462 0.0755494 0.0524113 0.33197 0.13675 0.195219 0.0469123 0.00681008 0.0231381 0.0401022 0.022113 0.117112 0.0203379 0.017396 0.096774 0.0490466 0.0477274 0.00987579 0.00486658 0.217276 0.00500922 0.0829394 0.134337 0.0571643
internal_count=216864 26784 7776 19008 7348 11660 3888 630 420 11130 8400 2730 3258 362 210 2896 4843 3888 432 427 3456 824 2632 530 130 190080 400 30800 159280 11440
is_linear=0
shrinkage=0.08


Tree=69
num_leaves=31
num_cat=0
split_feature=28 16 22 21 22 4 6 6 16 16 9 4 7 8 3 7 31 12 10 7 7 10 4 1 10 9 9 11 7 8
split_gain=0.256427 0.0652695 0.0138453 0.0118453 0.00635433 0.00878718 0.00685042 0.00559815 0.00864322 0.00409551 0.00993756 0.00625924 0.00371861 0.0037551 0.00038085 0.000129987 0.000104095 1.4229e-06 1.58137e-06 4.74019e-07 4.99691e-08 3.02877e-08 2.69602e-08 2.16364e-08 1.97242e-08 1.03231e-08 8.35396e-09 3.80374e-09 3.50839e-09 2.09717e-09
threshold=69.282500000000013 12.350000000000001 266.00000000000006 67.000000000000014 207.50000000000003 38.500000000000007 22.665000000000003 25.370000000000005 6.6000000000000005 7.9500000000000011 1.0000000180025095e-35 35.500000000000007 0.79500000000000015 1.0000000180025095e-35 30.500000000000004 0.79500000000000015 84.385000000000005 483.00000000000006 1.0000000180025095e-35 0.84500000000000008 0.84500000000000008 1.0000000180025095e-35 38.500000000000007 50.500000000000007 1.0000000180025095e-35 1.0000000180025095e-35 1.0000000180025095e-35 1.0000000180025095e-35 0.81500000000000006 1.0000000180025095e-35
decision_type=2 2 2 2 2 2 2 2 2 2 2 2 2 2 2 2 2 2 2 2 2 2 2 2 2 2 2 2 2 2
left_child=24 2 7 12 5 6 -5 9 -9 10 -2 -11 -3 -14 -15 -7 -10 18 -6 -19 22 26 23 -4 25 28 -22 -26 -1 -29
right_child=1 3 20 4 17 15 -8 8 16 11 -12 -13 13 14 -16 -17 -18 19 -20 -21 21 -23 -24 -25 27 -27 -28 29 -30 -31
leaf_value=-0.080116316201096036 -0.0048742611767832525 -0.059846143639568174 0.080362711124911501 0.067765356274574265 0.082122831948309563 0.090012683566040905 0.018860907040165947 -0.080006957015983995 0.057472131056465918 0.032988043998874415 0.048017862916525531 -0.013369148864730363 -0.051648711298340456 0.035796176655465757 0.080760313066687059 0.080449003845437433 0.080002121005909491 0.080516563601633062 0.080276937818062818 0.080138162677000885 0.080362698694322207 0.080001022298415742 0.080225833780379271 0.080746847976244193 -0.080042564933508406 -0.080019205246982653 0.080144860838548451 -0.080045154104682159 -0.080070562356932981 -0.080001262354547825
leaf_weight=0.015159287857386516 0.074341736376709378 0.0058120192438764215 0.0014549927291227513 0.029571027693691576 0.0064600636246723298 0.017552455409258982 0.048230645134935912 0.0027311055095822221 0.0014931697819804421 0.020949550612158419 0.032748858302198869 0.16915688576747812 0.0027249411796219647 0.0019015272143860784 0.0032941100373591325 0.018877963809245557 0.010844697094853473 0.046000011200931112 0.0054984326534395223 0.039278115894376242 0.0043882558661607627 0.0031960918513505012 0.0016302918402288924 0.002643120615857697 0.020724301662085054 0.022653593899519819 0.0015159040440266836 0.0075680436854099744 0.036675205826099955 0.087727632830421953
leaf_count=880 3108 13 30 805 70 49 945 2505 1837 1449 2457 4116 5 56 358 1225 2672 927 362 2961 40 546 108 68 8360 19360 72 1320 10560 149600
internal_value=-1.21971e-09 0.0276061 0.00478655 0.0607506 0.0654261 0.0526316 0.0374486 0.00119987 0.0487695 -0.00121209 0.0113004 -0.00826063 -0.0112481 0.0244125 0.0643041 0.0850569 0.0772755 0.0804569 0.0812741 0.0803423 0.0803159 0.0801994 0.080501 0.0806105 -0.0800321 -0.0800643 0.0803068 -0.0800115 -0.0800839 -0.0800047
internal_weight=0.742804 0.552296 0.327095 0.225201 0.211469 0.114232 0.0778017 0.312266 0.015069 0.297197 0.107091 0.190106 0.0137326 0.00792058 0.00519564 0.0364304 0.0123379 0.0972366 0.0119585 0.0852781 0.0148287 0.00910025 0.00572841 0.00409811 0.190508 0.0744881 0.00590416 0.11602 0.0518345 0.0952957
internal_count=216864 26784 19008 7776 7344 3024 1750 18144 7014 11130 5565 5565 432 419 414 1274 4509 4320 432 3888 864 658 206 98 190080 30800 112 159280 11440 150920
is_linear=0
shrinkage=0.08


Tree=70
num_leaves=31
num_cat=0
split_feature=28 16 22 22 4 14 6 17 8 7 22 20 28 20 1 7 12 10 12 2 11 8 2 11 7 4 10 10 10 9
split_gain=0.223336 0.0592156 0.0121398 0.0113443 0.00692073 0.00924562 0.00734273 0.00589289 0.00463372 0.0045342 0.00444539 0.00371941 0.00500381 0.0018405 0.000411674 0.000100965 7.62208e-05 1.09237e-06 1.81906e-06 1.78348e-06 4.56958e-07 4.43468e-07 3.0096e-07 8.13848e-08 3.36762e-08 2.26264e-08 2.16268e-08 1.53929e-08 9.77254e-09 7.86305e-09
threshold=69.282500000000013 12.350000000000001 266.00000000000006 207.50000000000003 38.500000000000007 40.70000000000001 21.555000000000003 27.500000000000004 1.5000000000000002 0.79500000000000015 55.500000000000007 1201.0000000000002 78.963750000000019 915.00000000000011 56.70000000000001 0.79500000000000015 351.00000000000006 1.0000000180025095e-35 483.00000000000006 150.50000000000003 1.0000000180025095e-35 1.0000000180025095e-35 150.50000000000003 1.0000000180025095e-35 0.84500000000000008 38.500000000000007 1.0000000180025095e-35 1.0000000180025095e-35 1.0000000180025095e-35 1.0000000180025095e-35
decision_type=2 2 2 2 2 2 2 2 2 2 2 2 2 2 2 2 2 2 2 2 2 2 2 2 2 2 2 2 2 2
left_child=27 2 8 4 6 9 20 -8 11 -6 13 12 -2 -10 -13 -7 -12 18 19 -5 -3 -19 -20 -23 25 28 -26 29 -4 -1
right_child=1 3 24 17 5 15 7 -9 10 -11 16 14 -14 -15 -16 -17 -18 21 22 -21 -22 23 -24 -25 26 -27 -28 -29 -30 -31
leaf_value=-0.080078531689460775 -0.022012230126037449 0.081211230174363852 0.080717384182870625 0.083802946428646288 -0.071761575583134216 0.089012795134821743 0.084338919737245721 0.0048177570658170729 -0.031928411994254592 0.081591823434026142 0.061453946005161707 0.07722900393706468 0.0032596384159254998 0.072233968360066778 0.021514025943772861 0.080356999375370372 0.080643328374002204 0.080741437019142229 0.080751553885076127 0.081078212259678428 0.080227825876511685 0.080263259259354028 0.080295992603859861 0.080000816454280504 0.080290107900138977 0.080207750858394655 0.080000904751677399 -0.080011229832922165 0.080444305320913817 -0.080018471328227647
leaf_weight=0.047072686311310008 0.06665750958890726 0.0046500884527631578 0.0017603467144908791 0.0021451756906571964 0.0040306512778442985 0.015405714250846358 0.0067858055369924833 0.049250514574168847 0.0049493036707417551 0.0017783669629807264 0.0015914565385060095 0.0040780721710689241 0.20238451899314214 0.0013907287586789607 0.0010718543708208017 0.019593517352632261 0.0079045893189686467 0.007359645995165919 0.016280446552627836 0.0054268993872028659 0.0086482533818070806 0.0100737742061483 0.021587265252946963 0.030333151763670685 0.0056746791960904383 0.0014341528258228209 0.0023361630267118008 0.10074315061868333 0.0016019520910504079 0.019826551795915748
leaf_count=11440 4605 48 16 9 7 49 167 1169 2750 175 625 128 7982 250 179 1225 1625 40 81 61 616 180 549 3400 112 108 546 159280 82 19360
internal_value=1.28125e-10 0.0265053 0.00408347 0.0598968 0.0425147 0.0686537 0.0271301 0.0144475 0.000717563 -0.0248141 0.0427939 -0.00171258 -0.00300169 -0.00907969 0.065633 0.084167 0.0774274 0.0804374 0.0807182 0.0818501 0.0805717 0.0801703 0.0804919 0.0800662 0.0803061 0.0804738 0.0802058 -0.080031 0.0805873 -0.0800607
internal_weight=0.673827 0.506185 0.302835 0.203349 0.110143 0.0408082 0.0693347 0.0560363 0.290028 0.00580902 0.0158361 0.274192 0.269042 0.00634003 0.00514993 0.0349992 0.00949605 0.0932064 0.0454398 0.00757208 0.0132983 0.0477666 0.0378677 0.0404069 0.0128073 0.00479645 0.00801084 0.167642 0.0033623 0.0668992
internal_count=216864 26784 19008 7776 3456 1456 2000 1336 18144 182 5250 12894 12587 3000 307 1274 2250 4320 700 70 664 3620 630 3580 864 206 658 190080 98 30800
is_linear=0
shrinkage=0.08


Tree=71
num_leaves=31
num_cat=0
split_feature=28 16 22 22 4 14 6 6 13 7 8 22 20 16 7 12 7 10 12 2 9 8 7 11 7 10 1 1 10 9
split_gain=0.195193 0.0531066 0.0107944 0.0107094 0.00630235 0.00753749 0.00664877 0.00653269 0.00532141 0.00371205 0.00367719 0.00425578 0.00320997 0.00418114 0.00174558 8.66945e-05 7.15149e-05 8.14892e-07 1.41262e-06 1.35055e-06 5.0832e-07 3.40223e-07 2.28341e-07 6.07397e-08 2.37448e-08 1.66881e-08 1.65343e-08 1.51758e-08 1.20173e-08 6.05146e-09
threshold=69.282500000000013 12.350000000000001 266.00000000000006 207.50000000000003 38.500000000000007 40.70000000000001 22.665000000000003 24.015000000000004 15.100000000000001 0.79500000000000015 1.5000000000000002 55.500000000000007 331.50000000000006 7.9500000000000011 0.83500000000000008 351.00000000000006 0.79500000000000015 1.0000000180025095e-35 483.00000000000006 150.50000000000003 1.5000000000000002 1.0000000180025095e-35 0.81500000000000006 1.0000000180025095e-35 0.84500000000000008 1.0000000180025095e-35 54.850000000000009 53.800000000000004 1.0000000180025095e-35 1.0000000180025095e-35
decision_type=2 2 2 2 2 2 2 2 2 2 2 2 2 2 2 2 2 2 2 2 2 2 2 2 2 2 2 2 2 2
left_child=28 2 10 4 6 9 8 -8 -3 -6 12 14 20 -14 -12 -13 -7 18 19 -5 -2 -19 -20 -23 26 -26 27 -4 29 -1
right_child=1 3 24 17 5 16 7 -9 -10 -11 11 15 13 -15 -16 -17 -18 21 22 -21 -22 23 -24 -25 25 -27 -28 -29 -30 -31
leaf_value=-0.080073661975618896 -0.080216939818726379 -0.030022690472368101 0.08038735135539371 0.083495171739060639 -0.066911320728745394 0.088161714461758633 -0.0084761081949750548 0.0805596412757658 0.073139362220428994 0.081462896072892921 -0.057667307868943973 0.058578226558031438 0.013026910677563055 -0.0083379633963599018 0.029058429332747163 0.080719223802223281 0.080335084315757407 0.080689060475660171 0.080699749647905022 0.081005527189251636 -0.082238931808911356 0.080242624553277422 0.080282553531348166 0.080000737928567517 0.080275056485639137 0.080000824365316761 0.080237208279319377 0.080763923653013117 -0.080010923301904416 -0.080017681976799829
leaf_weight=0.042455904974104897 0.0014900042704368835 0.0037427529205160672 0.0015824297768176621 0.0019543636535672695 0.0035250398109383232 0.013476128277488897 0.03276292976829609 0.006285918485673391 0.022072627504940101 0.0015552534443941113 0.0027876470468584111 0.0013519527102801021 0.091637956453524794 0.16272330263251433 0.0031794021524973459 0.006951067852014603 0.016769860891599819 0.0066302892510066149 0.014528151654758403 0.0048677744398446521 0.0017076775905024988 0.0089705810948998987 0.019892764193400581 0.025617128350859275 0.0047392938074608537 0.0020278921340377565 0.0017600306732674653 0.0012075817207914952 0.088124788844467616 0.017433609462827349
leaf_count=11440 666 115 58 9 7 49 264 816 805 175 504 625 5526 6447 2496 1625 1225 40 45 61 255 180 585 3400 112 546 132 16 159280 19360
internal_value=1.25356e-09 0.0254307 0.00373505 0.0590632 0.0414891 0.0686774 0.0266819 0.00585649 0.0581828 -0.0214888 0.000547879 0.0400777 -0.00164228 -0.000640905 -0.0114575 0.0771141 0.0838222 0.0804157 0.0806671 0.0817187 -0.0812968 0.0801641 0.0804586 0.0800635 0.0802879 0.0801929 0.0804292 0.0805503 -0.0800297 -0.0800574
internal_weight=0.613812 0.465798 0.283146 0.182652 0.100191 0.0353263 0.0648642 0.0390488 0.0258154 0.00508029 0.271829 0.0142701 0.257559 0.254361 0.00596705 0.00830302 0.030246 0.0824611 0.0412431 0.00682214 0.00319768 0.041218 0.0344209 0.0345877 0.0113172 0.00676719 0.00455004 0.00279001 0.148014 0.0598895
internal_count=216864 26784 19008 7776 3456 1456 2000 1080 920 182 18144 5250 12894 11973 3000 2250 1274 4320 700 70 921 3620 630 3580 864 658 206 74 190080 30800
is_linear=0
shrinkage=0.08


Tree=72
num_leaves=31
num_cat=0
split_feature=28 16 22 22 4 14 16 9 16 3 9 20 6 6 13 7 16 7 12 11 8 7 4 10 9 7 10 10 9 4
split_gain=0.170617 0.0462036 0.011475 0.0106444 0.00654293 0.00627569 0.00512608 0.0110293 0.0117275 0.00719889 0.00694871 0.00515402 0.00452138 0.005858 0.00449569 0.0030799 0.00159797 5.10883e-05 5.71835e-07 1.15816e-06 1.06182e-06 2.14652e-07 1.13199e-07 6.8941e-08 1.88873e-08 1.54016e-08 9.31544e-09 6.95628e-09 4.56022e-09 2.94778e-09
threshold=69.282500000000013 12.350000000000001 266.00000000000006 207.50000000000003 38.500000000000007 40.70000000000001 7.9500000000000011 1.5000000000000002 6.6000000000000005 34.500000000000007 1.5000000000000002 331.50000000000006 22.665000000000003 24.015000000000004 15.100000000000001 0.79500000000000015 10.300000000000002 0.79500000000000015 483.00000000000006 1.0000000180025095e-35 1.0000000180025095e-35 0.84500000000000008 38.500000000000007 1.0000000180025095e-35 1.0000000180025095e-35 0.84500000000000008 1.0000000180025095e-35 1.0000000180025095e-35 1.0000000180025095e-35 37.500000000000007
decision_type=2 2 2 2 2 2 2 2 2 2 2 2 2 2 2 2 2 2 2 2 2 2 2 2 2 2 2 2 2 2
left_child=26 2 6 4 12 15 7 8 -2 10 -8 -9 14 -14 -3 -6 -11 -7 19 -5 -21 22 -20 -23 25 27 28 -4 -1 -27
right_child=1 3 24 18 5 17 9 11 -10 16 -12 -13 13 -15 -16 -17 -18 -19 21 20 -22 23 -24 -25 -26 29 -28 -29 -30 -31
leaf_value=-0.080068711529195133 -0.080383133097896742 -0.032361004930566081 0.080574440196528457 0.08241626908515505 -0.062476045839214782 0.087352530724674568 -0.0046628401191737964 -0.082048603816810409 0.01180946044508469 0.0086770890161283649 -0.048147917690777281 0.06933620268083901 -0.0071141471066962572 0.080554014011562994 0.070349134898270632 0.081487910773478126 0.073175022146321059 0.080309842979351592 0.080517588826510209 0.082561736496747057 0.080126014577654725 0.080247729503640688 0.080175558098599761 0.080000756815946802 0.08009108403614193 0.08027744584249949 -0.0800105697919965 0.080344100401585031 -0.080017124913387624 0.080140632395231781
leaf_weight=0.038396748065181896 0.010278123969030162 0.0032544522400712586 0.0017201008195115719 0.0025362096716889946 0.0031300159109832739 0.011814933020559693 0.11533722617423336 0.0015322670453770107 0.062705317203153754 0.0036044899203773184 0.029542047604394384 0.023731582170881893 0.031229179118327011 0.0057810451708064639 0.016841485024315261 0.0013661771184843019 0.0077320598065853119 0.014912475541450476 0.024981035802056795 0.0013427849917206913 0.0077942683301444049 0.015903069849628082 0.0082341355339394795 0.013269449884319329 0.002886384995008485 0.0044740566570453666 0.076929434579170675 0.0016383298618620756 0.015352013087550631 0.0013009828815029323
leaf_count=11440 4665 115 12 25 7 49 4137 363 1866 1494 1449 2178 264 816 805 175 1992 1225 441 4 403 504 486 2457 398 128 159280 122 19360 204
internal_value=8.82864e-10 0.0243847 0.00388684 0.0580218 0.039267 0.0687127 0.000278817 0.0145965 -0.00117385 -0.00872586 -0.0135298 0.0601546 0.0231671 0.00657973 0.0537157 -0.0187323 0.0526677 0.0834231 0.0803899 0.0809038 0.080484 0.0802937 0.0804328 0.0801354 0.0802695 0.0803258 -0.0800284 0.0804621 -0.080054 0.0802466
internal_weight=0.559552 0.428874 0.266483 0.162391 0.0883298 0.0312236 0.254463 0.0982473 0.0729834 0.156216 0.144879 0.0252638 0.0571062 0.0370102 0.0200959 0.00449619 0.0113365 0.0267274 0.074061 0.0116733 0.00913705 0.0623877 0.0332152 0.0291725 0.0120199 0.00913347 0.130678 0.00335843 0.0537488 0.00577504
internal_count=216864 26784 19008 7776 3456 1456 18144 9072 6531 9072 5586 2541 2000 1080 920 182 3486 1274 4320 432 407 3888 927 2961 864 466 190080 134 30800 332
is_linear=0
shrinkage=0.08


Tree=73
num_leaves=31
num_cat=0
split_feature=28 16 22 22 4 16 9 3 16 9 20 14 6 17 7 16 7 12 11 8 11 7 4 10 1 7 10 10 2 9
split_gain=0.149306 0.0420088 0.010536 0.00965272 0.00610078 0.00436533 0.00950824 0.00624876 0.00609174 0.00593365 0.00457234 0.00404408 0.00402407 0.00452709 0.00373669 0.00147037 3.53747e-05 4.37483e-07 8.59903e-07 7.64592e-07 1.80878e-07 1.56016e-07 8.53209e-08 4.97529e-08 1.37261e-08 1.24234e-08 9.932e-09 7.15673e-09 3.45212e-09 3.40768e-09
threshold=69.282500000000013 12.350000000000001 266.00000000000006 207.50000000000003 38.500000000000007 7.9500000000000011 1.0000000180025095e-35 34.500000000000007 6.6000000000000005 1.0000000180025095e-35 331.50000000000006 40.70000000000001 21.555000000000003 27.500000000000004 0.79500000000000015 10.300000000000002 0.79500000000000015 483.00000000000006 1.0000000180025095e-35 1.0000000180025095e-35 1.0000000180025095e-35 0.84500000000000008 38.500000000000007 1.0000000180025095e-35 60.900000000000006 0.84500000000000008 1.0000000180025095e-35 1.0000000180025095e-35 151.50000000000003 1.0000000180025095e-35
decision_type=2 2 2 2 2 2 2 2 2 2 2 2 2 2 2 2 2 2 2 2 2 2 2 2 2 2 2 2 2 2
left_child=27 2 5 4 12 6 8 9 -2 -7 -8 14 20 -14 -6 -9 -13 18 -5 -20 -3 22 -19 -23 25 28 -27 29 -4 -1
right_child=1 3 24 17 11 7 10 15 -10 -11 -12 16 13 -15 -16 -17 -18 21 19 -21 -22 23 -24 -25 -26 26 -28 -29 -30 -31
leaf_value=-0.080063804416884959 -0.080283523253982164 0.080978843948146167 0.080518324570662561 0.082222224326510829 -0.057784716848584348 -0.00041213370563188346 -0.081622547313363811 0.0074421840725669101 0.0034817876051174276 -0.035189168198177162 0.056535892800700989 0.086578874010536447 0.084523132069050974 0.0057217194962479023 0.08446434966375907 0.07228591268731821 0.080298868369565804 0.080478510828965802 0.082328573553281562 0.080124975701469994 0.080153868208668919 0.080227582978119272 0.080162832352922153 0.080000716652216378 0.080018879026807127 0.080265523163445207 0.08000075355570789 -0.080010143956181654 0.080348990692026376 -0.080016445987494494
leaf_weight=0.034752928517491455 0.0062119630526780148 0.0033939088616534718 0.0011887614191437024 0.0022664224063646552 0.0027793676913461232 0.083155914916090978 0.001617256348566797 0.0033069434520029972 0.052650800709670875 0.050447818114491838 0.029452668718064956 0.010461895609068961 0.0052640835544934808 0.041056872079138884 0.002056237561191665 0.0069241890033708842 0.012720228330636019 0.022525684992615425 0.0011851746548927622 0.0067308104460153118 0.0034098112867013688 0.014632205359475847 0.007240987769137063 0.01071870413659326 0.0014205493105237119 0.0049719016742528774 0.0011089824190548816 0.066990186093363491 0.0021899461602288284 0.013501821475287556
leaf_count=11440 3495 48 30 25 7 3066 597 1494 1398 2520 3582 49 167 1169 175 1992 1225 441 4 403 616 504 486 2457 374 92 272 159280 96 19360
internal_value=1.78462e-09 0.0235821 0.00329663 0.0574711 0.0390458 -0.000285014 0.0135404 -0.00892938 -0.00535822 -0.0135437 0.0493444 0.0692516 0.0231154 0.014677 0.00270365 0.0513269 0.083133 0.0803665 0.0808483 0.0804549 0.0805654 0.0802775 0.0804017 0.0801317 0.0802508 0.0802856 0.0802172 -0.0800271 0.0804086 -0.0800506
internal_weight=0.506335 0.39109 0.244648 0.146442 0.0811424 0.233768 0.0899327 0.143835 0.0588628 0.133604 0.0310699 0.0280177 0.0531247 0.046321 0.00483561 0.0102311 0.0231821 0.0653 0.0101824 0.00791599 0.00680372 0.0551176 0.0297667 0.0253509 0.0108801 0.00945959 0.00608088 0.115245 0.00337871 0.0482547
internal_count=216864 26784 19008 7776 3456 18144 9072 9072 4893 5586 4179 1456 2000 1336 182 3486 1274 4320 432 407 664 3888 927 2961 864 490 364 190080 126 30800
is_linear=0
shrinkage=0.08


Tree=74
num_leaves=31
num_cat=0
split_feature=28 16 22 22 4 16 9 16 3 4 20 14 6 13 10 16 7 12 11 8 11 7 4 10 7 10 10 1 1 0
split_gain=0.131043 0.0373185 0.00966954 0.00903011 0.00525789 0.00465406 0.007211 0.00983153 0.00548645 0.00472141 0.00373064 0.00370191 0.00353013 0.00390785 0.00328452 0.00133165 2.44639e-05 3.46254e-07 6.61081e-07 5.75806e-07 1.38713e-07 1.1831e-07 6.73533e-08 3.79153e-08 1.06817e-08 1.15099e-08 5.51671e-09 5.12281e-09 9.37315e-09 2.54365e-09
threshold=69.282500000000013 12.350000000000001 266.00000000000006 207.50000000000003 38.500000000000007 7.9500000000000011 1.5000000000000002 6.6000000000000005 34.500000000000007 35.500000000000007 331.50000000000006 40.70000000000001 21.555000000000003 23.350000000000005 1.0000000180025095e-35 10.300000000000002 0.79500000000000015 483.00000000000006 1.0000000180025095e-35 1.0000000180025095e-35 1.0000000180025095e-35 0.84500000000000008 38.500000000000007 1.0000000180025095e-35 0.84500000000000008 1.0000000180025095e-35 1.0000000180025095e-35 54.850000000000009 50.500000000000007 35.500000000000007
decision_type=2 2 2 2 2 2 2 2 2 2 2 2 2 2 2 2 2 2 2 2 2 2 2 2 2 2 2 2 2 2
left_child=26 2 5 4 12 6 7 -2 9 -7 -8 14 20 -14 -6 -10 -13 18 -5 -20 -3 22 -19 -23 27 -26 29 28 -4 -1
right_child=1 3 24 17 11 8 10 -9 15 -11 -12 16 13 -15 -16 -17 -18 21 19 -21 -22 23 -24 -25 25 -27 -28 -29 -30 -31
leaf_value=-0.080030920575033276 -0.080373011080891454 0.080915544562192215 0.080243741480021544 0.082072396001677164 -0.056869613553201019 0.02960262348707187 -0.08177833547412941 0.01297547223757326 0.0064432250918053727 -0.019910557514456594 0.063771414319866077 0.085865182101622251 0.0069129347385086231 0.084201624119904575 0.084174694209672829 0.071240668891215206 0.080278286032636384 0.080448417328839256 0.08214972863723137 0.080121310715022251 0.080148132873136435 0.080213307642315143 0.080149408618547913 0.080000683445988943 0.080244098142766312 0.080000621696895508 -0.080009744415658959 0.080210154449557522 0.080555122624876518 -0.080070157845761367
leaf_weight=0.025215203607814374 0.0082872103342168657 0.0030308196751320793 0.0011278796057467844 0.0020326263454535365 0.0025522164485209942 0.01389780049220235 0.0011964805495381361 0.056115107322739277 0.0030317313755858777 0.10895817419432774 0.019420056939480901 0.0092741710200243688 0.038917393686347168 0.0046915671725855637 0.0018032624827810642 0.0061419692810886772 0.010925126507231653 0.020142186247085192 0.0010572375576884951 0.0058603230955895924 0.0029990916311817264 0.013146279330840116 0.006338645181017454 0.0090710867279995 0.004593104282321292 0.0017034859562272686 0.058551577650746367 0.0011441732976891217 0.0013704838099783956 0.018210710396715513
leaf_count=25960 4665 48 40 25 16 1554 363 1866 1494 4032 2178 49 1169 167 166 1992 1225 441 4 403 616 504 486 2457 112 546 159280 132 34 4840
internal_value=1.85845e-09 0.0227429 0.00308063 0.0565947 0.0381395 -0.000452729 0.0141457 0.000963505 -0.0098532 -0.0143095 0.0553244 0.0684195 0.0231609 0.0152279 0.00152578 0.0498264 0.0828434 0.0803467 0.080804 0.0804313 0.0805339 0.0802626 0.0803768 0.0801265 0.0802413 0.0801782 -0.0800258 0.0803503 0.0804146 -0.0800474
internal_weight=0.460807 0.35883 0.226988 0.131842 0.0741936 0.217049 0.0850189 0.0644023 0.13203 0.122856 0.0206165 0.0245548 0.0496389 0.043609 0.00435548 0.0091737 0.0201993 0.0576484 0.00895019 0.00691756 0.00602991 0.0486982 0.0264808 0.0222174 0.00993913 0.00629659 0.101977 0.00364254 0.00249836 0.0434259
internal_count=216864 26784 19008 7776 3456 18144 9072 6531 9072 5586 2541 1456 2000 1336 182 3486 1274 4320 432 407 664 3888 927 2961 864 658 190080 206 74 30800
is_linear=0
shrinkage=0.08


Tree=75
num_leaves=31
num_cat=0
split_feature=28 16 22 22 4 17 1 4 14 17 6 10 20 2 28 7 6 12 11 9 0 7 4 10 7 10 10 1 0 9
split_gain=0.11514 0.0341371 0.00848937 0.00824678 0.00444347 0.00401462 0.0060113 0.00450305 0.00315964 0.00302774 0.0036364 0.00269272 0.00254157 0.00234176 0.000144196 1.69318e-05 1.69196e-06 2.76569e-07 5.07467e-07 1.70686e-07 1.24597e-07 8.96408e-08 5.28844e-08 2.95995e-08 8.1263e-09 8.92524e-09 4.19965e-09 4.15773e-09 1.99962e-09 1.09722e-09
threshold=69.282500000000013 12.350000000000001 266.00000000000006 207.50000000000003 38.500000000000007 31.000000000000004 61.850000000000009 35.500000000000007 40.70000000000001 27.500000000000004 22.665000000000003 1.0000000180025095e-35 331.50000000000006 148.50000000000003 81.758750000000006 0.79500000000000015 22.665000000000003 483.00000000000006 1.0000000180025095e-35 1.5000000000000002 28.500000000000004 0.84500000000000008 38.500000000000007 1.0000000180025095e-35 0.84500000000000008 1.0000000180025095e-35 1.0000000180025095e-35 54.850000000000009 35.500000000000007 1.0000000180025095e-35
decision_type=2 2 2 2 2 2 2 2 2 2 2 2 2 2 2 2 2 2 2 2 2 2 2 2 2 2 2 2 2 2
left_child=26 2 5 4 9 12 7 -7 11 16 -11 -6 19 -14 -8 -10 -3 18 -5 -2 -20 22 -19 -23 27 -26 28 -4 29 -1
right_child=1 3 24 17 8 6 14 -9 15 10 -12 -13 13 -15 -16 -17 -18 21 20 -21 -22 23 -24 -25 25 -27 -28 -29 -30 -31
leaf_value=-0.080042092996941885 -0.08015756537963302 0.080963746582119606 0.080400612393429494 0.081937662393807925 -0.053140706967402696 0.05280298937759377 0.058210345396579398 -0.030151195031325441 0.085268888147105065 0.048765764978684935 -0.00065729779310603987 0.083825951948361579 0.052018970407479853 0.0057580573446522109 0.087588581040149355 0.080266368455741977 0.084313328922130545 0.080419265932864137 0.080875789005495427 -0.081607910494261623 0.08012906115616529 0.080202144053223332 0.080137242162071673 0.080000658686961532 0.080229990727850281 0.080000585750484327 -0.080009473341439472 0.080200841818487328 -0.080065407722722887 -0.080005342315758274
leaf_weight=0.014341665516596436 0.0010535268962144064 0.0013209284222739362 0.0019865383517299051 0.0018175889001668111 0.0022737101338634602 0.0045313792272452238 0.0019850377278061151 0.055273138294367641 0.0080539599202893442 0.014798566109107014 0.026750794095391939 0.0015413879053767223 0.0074074965328208 0.12829688692352192 0.0023177237151230656 0.0093654700207252972 0.003583174506047726 0.018385039869713182 0.0023108546007506447 0.001024168695323624 0.0037520830441053477 0.011902671017082866 0.0055369222809531484 0.0076754614079845842 0.0041830883943703157 0.0014657330151521819 0.051276577339763207 0.0010036239310693418 0.016544916394266806 0.0081561409487562742
leaf_count=7920 933 115 74 25 16 759 1044 2079 49 805 945 166 840 11256 870 1225 135 441 141 363 266 504 486 2457 112 546 159280 132 4840 18040
internal_value=-1.02141e-09 0.0219291 0.00256686 0.0561639 0.0378206 -0.000756267 -0.0172948 -0.0238658 0.0681374 0.0239624 0.0169456 0.00219699 0.0069388 0.00828323 0.0740352 0.0825793 0.0834111 0.0803291 0.0807652 -0.0808725 0.0804137 0.0802501 0.080354 0.0801232 0.0802269 0.0801705 -0.0800245 0.0803336 -0.0800443 -0.0800288
internal_weight=0.419916 0.329597 0.210528 0.119069 0.067688 0.201889 0.0641073 0.0598045 0.0212345 0.0464535 0.0415494 0.0038151 0.137782 0.135704 0.00430276 0.0174194 0.0049041 0.0513806 0.00788053 0.0020777 0.00606294 0.0435001 0.023922 0.0195781 0.00863898 0.00564882 0.0903193 0.00299016 0.0390427 0.0224978
internal_count=216864 26784 19008 7776 3456 18144 4752 2838 1456 2000 1750 182 13392 12096 1914 1274 250 4320 432 1296 407 3888 927 2961 864 658 190080 206 30800 25960
is_linear=0
shrinkage=0.08


Tree=76
num_leaves=31
num_cat=0
split_feature=28 16 22 22 4 17 1 4 13 6 14 10 20 2 7 28 7 12 11 0 7 4 10 7 10 10 0 10 11 9
split_gain=0.101534 0.0301127 0.00789318 0.00760631 0.00406749 0.0033151 0.00517326 0.00376412 0.0028631 0.00297552 0.00275703 0.00227837 0.00223556 0.0019594 0.00133005 0.000143871 1.24925e-05 2.17989e-07 3.8444e-07 9.87476e-08 6.92822e-08 4.16346e-08 2.2659e-08 6.51843e-09 6.81228e-09 3.17928e-09 1.58117e-09 1.37523e-09 8.35396e-10 8.29615e-10
threshold=69.282500000000013 12.350000000000001 207.50000000000003 266.00000000000006 38.500000000000007 31.000000000000004 61.850000000000009 35.500000000000007 20.500000000000004 22.665000000000003 40.70000000000001 1.0000000180025095e-35 331.50000000000006 148.50000000000003 0.81500000000000006 81.758750000000006 0.79500000000000015 483.00000000000006 1.0000000180025095e-35 28.500000000000004 0.84500000000000008 38.500000000000007 1.0000000180025095e-35 0.84500000000000008 1.0000000180025095e-35 1.0000000180025095e-35 35.500000000000007 1.0000000180025095e-35 1.0000000180025095e-35 1.0000000180025095e-35
decision_type=2 2 2 2 2 2 2 2 2 2 2 2 2 2 2 2 2 2 2 2 2 2 2 2 2 2 2 2 2 2
left_child=25 3 4 5 8 12 7 -7 9 -3 11 -6 -2 -14 -10 -8 -12 18 -4 -20 21 -19 -22 27 -25 26 29 -5 -27 -1
right_child=1 2 17 23 10 6 15 -9 14 -11 16 -13 13 -15 -16 -17 -18 20 19 -21 22 -23 -24 24 -26 28 -28 -29 -30 -31
leaf_value=-0.080038812492097086 -0.08080702838344811 0.042959768487884284 0.081799953848108786 0.080368149677147407 -0.050661635341230991 0.050538013825397111 0.055748103893507164 -0.028434176061884912 0.024659049763130821 -0.006128225179385419 0.084845637005162663 0.083546335279289605 0.049342573147375467 0.0053798930631350677 0.084583520761141492 0.08662532346281869 0.080249925184278897 0.080394304439611861 0.080833406023181245 0.080124912136119053 0.08018996036295846 0.080127511945741289 0.080000634872104598 0.080215463666209741 0.080000549820801209 -0.08002982128046543 -0.080060972842362452 0.080252654705860085 -0.080003484862745167 -0.080004997265023386
leaf_weight=0.012960366870927942 0.0018515049205234382 0.012579472937659375 0.0016290602544586363 0.0014811839147341743 0.0020420062151060847 0.0041750358876981855 0.00175458916734783 0.051639556933480435 0.0039112570138968294 0.021258725568600312 0.0070816442935210952 0.0013413297336910537 0.0068551916543100324 0.12125202847193606 0.0060176035154881902 0.0021482282661509089 0.0081329896266879587 0.016587616342349065 0.0020381435257377225 0.0032935592168996664 0.010733831172842656 0.0048347008424798324 0.0064931805881087703 0.0038132797885737091 0.0012544694843654725 0.0098649721755208475 0.015019724782725064 0.0011898862603629814 0.035259089250814668 0.0072357171286654412
leaf_count=7920 1296 690 25 28 16 759 1044 2079 26 810 49 166 840 11256 474 870 1225 441 141 266 504 486 2457 112 546 8360 4840 178 150920 18040
internal_value=8.64301e-12 0.021052 0.0550196 0.00247352 0.0365221 -0.000698365 -0.0163005 -0.0225269 0.023204 0.0121204 0.0678639 0.00254536 0.00647099 0.0077324 0.0609776 0.0727439 0.082389 0.0803123 0.0807244 0.0803957 0.080238 0.0803341 0.0801186 0.0802156 0.0801623 -0.0800233 -0.0800413 0.0803167 -0.0800092 -0.0800267
internal_weight=0.38573 0.30539 0.107975 0.197415 0.062365 0.189676 0.0597174 0.0558146 0.0437671 0.0338382 0.018598 0.00338334 0.129959 0.128107 0.00992886 0.00390282 0.0152146 0.0456101 0.00696076 0.0053317 0.0386493 0.0214223 0.017227 0.00773882 0.00506775 0.0803399 0.0352158 0.00267107 0.0451241 0.0201961
internal_count=216864 26784 7776 19008 3456 18144 4752 2838 2000 1500 1456 182 13392 12096 500 1914 1274 4320 432 407 3888 927 2961 864 658 190080 30800 206 159280 25960
is_linear=0
shrinkage=0.08


Tree=77
num_leaves=31
num_cat=0
split_feature=28 28 20 31 4 2 7 28 22 32 11 16 2 12 1 8 6 7 4 6 10 1 9 8 10 11 0 2 11 9
split_gain=0.0896141 0.0271028 0.0136242 0.00594752 0.0105924 0.00460034 0.0034583 0.00368189 0.00323602 0.00295712 0.000887097 0.00177739 0.00145217 6.59926e-05 0.000304386 1.64768e-05 9.39598e-08 5.88416e-08 3.81698e-08 3.46705e-08 2.31525e-08 1.84056e-08 3.35882e-09 4.31169e-09 2.36549e-09 1.48199e-09 1.21062e-09 7.72381e-10 6.99432e-10 6.27929e-10
threshold=69.282500000000013 93.096250000000012 1170.0000000000002 99.765000000000015 38.500000000000007 148.50000000000003 0.84500000000000008 78.963750000000019 27.500000000000004 88.200000000000017 1.0000000180025095e-35 16.100000000000005 152.70000000000002 351.00000000000006 55.600000000000009 1.0000000180025095e-35 23.600000000000005 0.84500000000000008 38.500000000000007 21.555000000000003 1.0000000180025095e-35 56.70000000000001 1.0000000180025095e-35 1.0000000180025095e-35 1.0000000180025095e-35 1.0000000180025095e-35 35.500000000000007 160.50000000000003 1.0000000180025095e-35 1.0000000180025095e-35
decision_type=2 2 2 2 2 2 2 2 2 2 2 2 2 2 2 2 2 2 2 2 2 2 2 2 2 2 2 2 2 2
left_child=24 2 3 6 5 -5 7 -2 -6 -8 11 12 -4 15 -15 -12 -13 18 19 27 22 -21 -19 -24 26 -20 29 -3 -26 -1
right_child=1 17 10 4 8 -7 9 -9 -10 -11 13 16 -14 14 -16 -17 -18 20 25 21 -22 -23 23 -25 28 -27 -28 -29 -30 -31
leaf_value=-0.080035794112182007 -0.03993370996448474 0.080101752072690824 -0.041584639365942859 0.081575723256273935 -0.0032463623091624643 -0.00079243972689487137 -0.0090568442648261416 -0.0042320791198968474 0.081890877824186706 0.031036837464779622 0.086293874577594604 0.082404721999696506 0.065203594557869449 0.084366556771160367 0.03326687249826249 0.080153363144137138 0.083199260757804705 0.08020617192907141 0.080141881194310538 0.080464423738606516 0.0800005946449691 0.080190945932657368 0.080203894228903644 0.08000377491091934 -0.080028737643325881 0.080038545173560877 -0.080056344677900293 0.080180824495354047 -0.080003318566189349 -0.080004666946466185
leaf_weight=0.011721162146208997 0.029790295513890896 0.0018363259816851487 0.0019507920046635254 0.0046366245243518725 0.0033930449964145728 0.067746389103760407 0.025299010884609174 0.048725698801618478 0.018095285155879992 0.022021177743539511 0.00451085675831564 0.0020847506132213312 0.0013997750613725657 0.002710162628773106 0.0010294313369740848 0.0073595213417547711 0.0017539845453029557 0.010157334037899091 0.003698239776895206 0.011722417899250104 0.0065854915973204689 0.0018194818824213152 0.0014176293261698456 0.0013407087213863633 0.0089350729801651596 0.0011689871863040935 0.013610445108596991 0.0013883418905606959 0.030841378433343891 0.0064193301441122222
leaf_count=7920 1339 176 18 247 546 3003 5922 2163 1820 5264 12 32 32 143 264 1209 18 220 143 77 3003 264 11 385 8360 451 4840 22 150920 18040
internal_value=1.1622e-09 0.0201796 0.00999468 0.00388637 0.0191259 0.0044838 -0.00748203 -0.0177779 0.0684476 0.00960137 0.0688581 0.0456054 0.00302856 0.0795673 0.0702999 0.0824868 0.0827678 0.0802234 0.0803143 0.0803715 0.0801227 0.0804277 0.0801849 0.0801066 -0.080022 0.0801171 -0.0800383 0.0801358 -0.080009 -0.0800248
internal_weight=0.355169 0.283642 0.242507 0.219708 0.0938713 0.072383 0.125836 0.078516 0.0214883 0.0473202 0.0227993 0.0071893 0.00335057 0.01561 0.00373959 0.0118704 0.00383874 0.041135 0.0216338 0.0167666 0.0195012 0.0135419 0.0129157 0.00275834 0.0715274 0.00486723 0.0317509 0.00322467 0.0397765 0.0181405
internal_count=216864 26784 22032 20304 5616 3250 14688 3502 2366 11186 1728 100 50 1628 407 1221 50 4752 1133 539 3619 341 616 396 190080 594 30800 198 159280 25960
is_linear=0
shrinkage=0.08


Tree=78
num_leaves=31
num_cat=0
split_feature=28 28 20 31 4 2 22 7 15 32 11 16 2 12 6 8 6 7 4 6 10 1 9 8 10 0 0 11 2 9
split_gain=0.0795087 0.0244582 0.012015 0.00531705 0.0094888 0.00398794 0.00302683 0.00276901 0.00310024 0.00271146 0.000758881 0.00152758 0.00116207 7.51353e-05 0.000291368 1.24452e-05 6.93603e-08 4.26866e-08 2.85093e-08 2.58513e-08 1.73255e-08 1.27681e-08 2.40529e-09 3.28102e-09 1.80416e-09 9.40005e-10 6.09739e-10 5.90774e-10 5.84739e-10 4.87992e-10
threshold=69.282500000000013 93.096250000000012 1170.0000000000002 99.765000000000015 38.500000000000007 148.50000000000003 27.500000000000004 0.84500000000000008 4.1000000000000005 88.200000000000017 1.0000000180025095e-35 16.100000000000005 152.70000000000002 351.00000000000006 23.230000000000004 1.0000000180025095e-35 23.600000000000005 0.84500000000000008 38.500000000000007 21.555000000000003 1.0000000180025095e-35 56.70000000000001 1.0000000180025095e-35 1.0000000180025095e-35 1.0000000180025095e-35 35.500000000000007 37.500000000000007 1.0000000180025095e-35 160.50000000000003 1.0000000180025095e-35
decision_type=2 2 2 2 2 2 2 2 2 2 2 2 2 2 2 2 2 2 2 2 2 2 2 2 2 2 2 2 2 2
left_child=24 2 3 7 5 -5 -6 8 -2 -9 11 12 -4 15 -15 -12 -13 18 19 28 22 -21 -19 -24 25 29 -20 -26 -3 -1
right_child=1 17 10 4 6 -7 -8 9 -10 -11 13 16 -14 14 -16 -17 -18 20 26 21 -22 -23 23 -25 27 -27 -28 -29 -30 -31
leaf_value=-0.080033442665737767 -0.044008070157222003 0.080093116110693266 -0.037346470876578566 0.081302171550568444 -0.0031749010907061621 -0.00021293560851697724 0.081743449153950543 -0.010288053107904701 -0.0068539610297151058 0.029361298553246193 0.085813247631199213 0.082208223038953282 0.062661149614840136 0.084090508330230865 0.032726243531579317 0.08014713675116715 0.082931685487267995 0.080190494893687861 0.080074111801591297 0.080424271864314209 0.080000584380252135 0.08018179614237976 0.080188853543732619 0.080003703649350055 -0.080027813662214828 -0.080052540686288629 0.080134767524548803 -0.080003253557602502 0.080166044887272414 -0.080004378048393651
leaf_weight=0.010635245235654622 0.019601486429877468 0.0016117031580051852 0.0017700975386105702 0.0040858055338901514 0.00321304117862553 0.064127369536961965 0.016388337570958811 0.023214913533109893 0.053890666720974423 0.02104552110614577 0.0040457979393977439 0.0018524129159231961 0.001282297464513249 0.0023401389539685633 0.0010126658698936808 0.0064140956229721269 0.0015643629498072187 0.0092047315235959104 0.001946884330266129 0.010537426601104016 0.0056057596607388396 0.0016010284012963902 0.0012970248135388837 0.0011607370704496134 0.0081632665789541647 0.012437166758417106 0.0023301364398093938 0.027000689081013718 0.0012488451693570823 0.0056671973737323347
leaf_count=7920 824 176 18 247 546 3003 1820 5922 2678 5264 12 32 32 155 252 1209 18 220 539 77 3003 264 11 385 8360 4840 55 150920 22 18040
internal_value=-9.9227e-11 0.0194884 0.00966357 0.00386768 0.0187665 0.00466962 0.0678237 -0.00724316 -0.0167635 0.00856493 0.0684079 0.045796 0.00466628 0.0789982 0.0685767 0.0823387 0.0825395 0.0802075 0.0802894 0.0803413 0.0801162 0.0803923 0.0801717 0.0801014 -0.0800211 -0.080036 0.0801072 -0.080009 0.080125 -0.0800233
internal_weight=0.326297 0.262393 0.225849 0.205567 0.0878146 0.0682132 0.0196014 0.117753 0.0734922 0.0442604 0.0202819 0.00646917 0.0030524 0.0138127 0.0033528 0.0104599 0.00341678 0.0365443 0.019276 0.014999 0.0172683 0.0121385 0.0116625 0.00245776 0.0639036 0.0287396 0.00427702 0.035164 0.00286055 0.0163024
internal_count=216864 26784 22032 20304 5616 3250 2366 14688 3502 11186 1728 100 50 1628 407 1221 50 4752 1133 539 3619 341 616 396 190080 30800 594 159280 198 25960
is_linear=0
shrinkage=0.08


Tree=79
num_leaves=31
num_cat=0
split_feature=28 28 20 31 4 2 22 32 7 11 16 2 12 3 8 6 7 4 6 10 1 9 8 10 0 11 2 0 9 6
split_gain=0.070577 0.0221422 0.0107659 0.00446428 0.0087802 0.0035958 0.00277173 0.00267067 0.00213275 0.000686998 0.00139477 0.00105501 6.60997e-05 0.000281403 9.20703e-06 5.13714e-08 3.13764e-08 2.13508e-08 1.94618e-08 1.29369e-08 8.91201e-09 1.70959e-09 2.4984e-09 1.36529e-09 7.22056e-10 5.08414e-10 4.4376e-10 4.16368e-10 3.8023e-10 3.05976e-10
threshold=69.282500000000013 93.096250000000012 1170.0000000000002 99.765000000000015 38.500000000000007 148.50000000000003 27.500000000000004 46.700000000000003 0.84500000000000008 1.0000000180025095e-35 16.100000000000005 152.70000000000002 351.00000000000006 33.500000000000007 1.0000000180025095e-35 23.600000000000005 0.84500000000000008 38.500000000000007 21.555000000000003 1.0000000180025095e-35 56.70000000000001 1.0000000180025095e-35 1.0000000180025095e-35 1.0000000180025095e-35 35.500000000000007 1.0000000180025095e-35 160.50000000000003 37.500000000000007 1.0000000180025095e-35 24.290000000000003
decision_type=2 2 2 2 2 2 2 2 2 2 2 2 2 2 2 2 2 2 2 2 2 2 2 2 2 2 2 2 2 2
left_child=23 2 3 7 5 -5 -6 -2 -9 10 11 -4 14 -14 -11 -12 17 18 26 21 -20 29 -23 24 28 -25 -3 -19 -1 -18
right_child=1 16 9 4 6 -7 -8 8 -10 12 15 -13 13 -15 -16 -17 19 27 20 -21 -22 22 -24 25 -26 -27 -28 -29 -30 -31
leaf_value=-0.080031270545391234 0.11687954641558061 0.080084829601727248 -0.040776541624237606 0.081027459966879808 -0.0024270212390877532 -0.00050928241976108571 0.081628848836558868 -0.016531583080043807 0.0064814180058251807 0.085341789996237843 0.08203255520471546 0.060024375932924007 0.084858990509485213 0.034697097036243262 0.080146797924107602 0.082691621958426054 0.080169888544357915 0.080069128217610461 0.080388496129955481 0.080000588236846956 0.08017300716578768 0.080175026816338563 0.080003618259075635 -0.080027076542215178 -0.080048865295487825 -0.080003144757185896 0.080152193718097772 0.080122612618146821 -0.080004118893216417 0.080215937806333723
leaf_weight=0.0096650340577610905 0.0011081293408210504 0.0014156847353206112 0.0015171847068131674 0.003670072423290093 0.0030203810082696228 0.060918863714448435 0.014878370939300112 0.069025823785011653 0.041131512220133004 0.0036108284912188537 0.0016501508960118372 0.0011824032628737768 0.0022649017132607705 0.0010464423094163067 0.0055230193713668996 0.0013982857647079072 0.0072604194369887409 0.0016882500134443026 0.0094898704076058493 0.0047928387531328562 0.0014109233845829303 0.0011852622919832365 0.0010062506281656169 0.0074762176019760309 0.01135282663182835 0.023663720093203722 0.0011217642395422445 0.0020783171720495375 0.0050130145655487022 0.0010580449634289835
leaf_count=7920 432 176 18 247 546 3003 1820 3399 10857 12 32 32 172 235 1209 18 198 539 77 3003 264 11 385 8360 4840 150920 22 55 18040 22
internal_value=-2.28791e-10 0.0187144 0.00928509 0.00376008 0.0178636 0.0041238 0.0674446 -0.00669568 -0.00793879 0.068125 0.0452503 0.00337365 0.07869 0.069007 0.0822005 0.0823349 0.0801928 0.080267 0.0803142 0.0801095 0.0803606 0.0801592 0.0800963 -0.0800202 -0.0800337 -0.0800089 0.0801146 0.0800986 -0.080022 0.0801757
internal_weight=0.301625 0.244454 0.211946 0.193753 0.0824877 0.0645889 0.0178988 0.111265 0.110157 0.0181932 0.00574802 0.00269959 0.0124452 0.00331134 0.00913385 0.00304844 0.0325076 0.0172048 0.0134382 0.0153028 0.0109008 0.01051 0.00219151 0.0571708 0.0260309 0.0311399 0.00253745 0.00376657 0.014678 0.00831846
internal_count=216864 26784 22032 20304 5616 3250 2366 14688 14256 1728 100 50 1628 407 1221 50 4752 1133 539 3619 341 616 396 190080 30800 159280 198 594 25960 220
is_linear=0
shrinkage=0.08


end of trees

feature_importances:
pcos_friendliness_score=264
inflammation_risk_code=240
ir_risk_code=217
waist_to_hip_ratio=212
cv_risk_code=162
hormone_sev_code=147
WeightManagementScore=107
Calories=104
Fiber=104
weight_kg=84
bmi=75
age=73
Potassium_mg=72
Protein=70
Sodium_mg=65
Calcium_mg=64
Magnesium_mg=61
height_cm=53
hip_inch=48
AntiInflammatoryPotential=43
GlycemicIndex=33
exercise_hours_per_week=30
Carbohydrates=28
waist_inch=17
GlycemicLoad=16
Fat=5
HormonalHealthScore=5
InsulinResistanceSuitability=1

parameters:
[boosting: gbdt]
[objective: lambdarank]
[metric: ndcg]
[tree_learner: serial]
[device_type: cpu]
[data_sample_strategy: bagging]
[data: ]
[valid: ]
[num_iterations: 80]
[learning_rate: 0.08]
[num_leaves: 31]
[num_threads: 0]
[seed: 42]
[deterministic: 0]
[force_col_wise: 0]
[force_row_wise: 0]
[histogram_pool_size: -1]
[max_depth: 6]
[min_data_in_leaf: 20]
[min_sum_hessian_in_leaf: 0.001]
[bagging_fraction: 1]
[pos_bagging_fraction: 1]
[neg_bagging_fraction: 1]
[bagging_freq: 0]
[bagging_seed: 400]
[bagging_by_query: 0]
[feature_fraction: 1]
[feature_fraction_bynode: 1]
[feature_fraction_seed: 30056]
[extra_trees: 0]
[extra_seed: 12879]
[early_stopping_round: 0]
[early_stopping_min_delta: 0]
[first_metric_only: 0]
[max_delta_step: 0]
[lambda_l1: 0]
[lambda_l2: 0]
[linear_lambda: 0]
[min_gain_to_split: 0]
[drop_rate: 0.1]
[max_drop: 50]
[skip_drop: 0.5]
[xgboost_dart_mode: 0]
[uniform_drop: 0]
[drop_seed: 17869]
[top_rate: 0.2]
[other_rate: 0.1]
[min_data_per_group: 100]
[max_cat_threshold: 32]
[cat_l2: 10]
[cat_smooth: 10]
[max_cat_to_onehot: 4]
[top_k: 20]
[monotone_constraints: ]
[monotone_constraints_method: basic]
[monotone_penalty: 0]
[feature_contri: ]
[forcedsplits_filename: ]
[refit_decay_rate: 0.9]
[cegb_tradeoff: 1]
[cegb_penalty_split: 0]
[cegb_penalty_feature_lazy: ]
[cegb_penalty_feature_coupled: ]
[path_smooth: 0]
[interaction_constraints: ]
[verbosity: -1]
[saved_feature_importance_type: 0]
[use_quantized_grad: 0]
[num_grad_quant_bins: 4]
[quant_train_renew_leaf: 0]
[stochastic_rounding: 1]
[linear_tree: 0]
[max_bin: 255]
[max_bin_by_feature: ]
[min_data_in_bin: 3]
[bin_construct_sample_cnt: 200000]
[data_random_seed: 175]
[is_enable_sparse: 1]
[enable_bundle: 1]
[use_missing: 1]
[zero_as_missing: 0]
[feature_pre_filter: 1]
[pre_partition: 0]
[two_round: 0]
[header: 0]
[label_column: ]
[weight_column: ]
[group_column: ]
[ignore_column: ]
[categorical_feature: ]
[forcedbins_filename: ]
[precise_float_parser: 0]
[parser_config_file: ]
[objective_seed: 16083]
[num_class: 1]
[is_unbalance: 0]
[scale_pos_weight: 1]
[sigmoid: 1]
[boost_from_average: 1]
[reg_sqrt: 0]
[alpha: 0.9]
[fair_c: 1]
[poisson_max_delta_step: 0.7]
[tweedie_variance_power: 1.5]
[lambdarank_truncation_level: 30]
[lambdarank_norm: 1]
[label_gain: ]
[lambdarank_position_bias_regularization: 0]
[eval_at: 5,10]
[multi_error_top_k: 1]
[auc_mu_weights: ]
[num_machines: 1]
[local_listen_port: 12400]
[time_out: 120]
[machine_list_filename: ]
[machines: ]
[gpu_platform_id: -1]
[gpu_device_id: -1]
[gpu_use_dp: 0]
[num_gpu: 1]

end of parameters

pandas_categorical:[]
